datetime,PM2_5,PM10,NOx,CO,SO2,Ozone,NOx_SubIndex,SO2_SubIndex,AQI_calculated,PM2_5_24_avg,CO_8_avg_avg,PM2_5_24_avg_Sub_Index,CO_8_avg_Sub_Index,AQI_Bucket,station
2021-01-01,29.154074074074074,107.92,23.13722962962963,600.7407407407408,13.931851851851853,14.475185185185184,28.88888888888889,17.333333333333332,59.81481481481482,35.65467978261837,595.0925925925926,59.48148148148148,29.77777777777778,Satisfactory,alandur
2021-01-02,32.602222222222224,107.92,29.065844444444444,641.6666666666666,13.424722222222222,11.404444444444444,36.291666666666664,16.666666666666668,54.333333333333336,32.14527777777778,639.0798611111111,53.56944444444444,31.77777777777778,Satisfactory,alandur
2021-01-03,27.673472222222223,107.92,25.272161111111114,650.5555555555555,13.155833333333334,8.880833333333333,31.569444444444443,16.34722222222222,51.31944444444444,29.433148148148145,639.7222222222222,48.97222222222222,31.875,Satisfactory,alandur
2021-01-04,30.532500000000002,107.92,26.625238888888887,737.2222222222222,13.926666666666668,10.314583333333333,33.263888888888886,17.319444444444443,54.986111111111114,30.421417824074076,723.90625,50.69444444444444,36.25,Satisfactory,alandur
2021-01-05,16.650972222222222,107.92,47.63580555555555,702.0833333333334,13.788333333333334,5.71,57.166666666666664,17.13888888888889,65.55555555555556,22.64025462962963,731.4409722222222,37.77777777777778,36.611111111111114,Satisfactory,alandur
2021-01-06,21.191666666666666,107.92,34.48050555555555,845.6944444444445,13.23375,7.450694444444443,42.90277777777778,16.40277777777778,54.888888888888886,17.999716435185185,788.59375,29.958333333333332,39.416666666666664,Satisfactory,alandur
2021-01-07,24.68847222222222,107.92,39.5317,784.0277777777778,13.46861111111111,7.352222222222222,49.388888888888886,16.819444444444443,62.22222222222222,22.792482638888888,808.3854166666666,37.986111111111114,40.44444444444444,Satisfactory,alandur
2021-01-08,42.11944444444444,107.92,33.1115,869.4444444444445,13.179444444444444,7.410972222222223,41.125,16.375,57.833333333333336,27.01376736111111,852.9340277777778,44.986111111111114,42.68055555555556,Good,alandur
2021-01-09,66.16000000000001,107.92,30.879,701.6666666666666,12.097222222222221,8.159166666666668,38.55555555555556,15.055555555555555,135.79166666666666,67.11783564814816,713.8020833333334,135.79166666666666,35.75,Satisfactory,alandur
2021-01-10,68.91930555555555,107.92,28.522994444444446,733.4722222222222,12.227916666666665,9.152361111111112,35.625,15.277777777777779,134.59722222222223,63.44520833333334,758.59375,134.44444444444446,38.041666666666664,Satisfactory,alandur
2021-01-11,47.39111111111111,107.92,27.129705555555557,753.4722222222222,11.35763888888889,9.969027777777777,33.833333333333336,14.166666666666666,116.13888888888889,59.647413194444454,744.4791666666666,116.13888888888889,37.208333333333336,Satisfactory,alandur
2021-01-12,39.10583333333333,107.92,27.63861111111111,651.25,12.18736111111111,9.573333333333332,34.47222222222222,15.125,64.875,38.89804976851852,659.6701388888889,64.875,32.986111111111114,Satisfactory,alandur
2021-01-13,62.27736111111111,107.92,32.99739444444444,837.5,15.162500000000001,7.824861111111111,41.208333333333336,18.90277777777778,103.86111111111111,56.93274305555556,806.8923611111111,102.625,40.333333333333336,Satisfactory,alandur
2021-01-14,43.40291666666667,107.92,27.889016666666667,825.1388888888889,11.450555555555555,10.96861111111111,34.77777777777778,14.277777777777779,87.08333333333333,48.810630787037034,827.0833333333334,85.25,41.40277777777778,Satisfactory,alandur
2021-01-15,46.49208333333333,107.92,30.534855555555552,884.3055555555555,11.90763888888889,11.569305555555555,38.09722222222222,14.76388888888889,85.05555555555556,45.47890046296297,876.71875,78.375,43.888888888888886,Satisfactory,alandur
2021-01-16,37.86152777777778,107.92,30.059111111111108,754.5833333333334,11.64486111111111,9.254444444444443,37.52777777777778,14.5,77.29166666666667,42.96173611111111,785.4513888888889,73.69444444444444,39.263888888888886,Satisfactory,alandur
2021-01-17,27.949583333333337,107.92,33.45303333333333,751.3888888888889,12.067916666666667,10.88375,41.72222222222222,15.083333333333334,62.763888888888886,32.37603009259259,750.9201388888889,53.94444444444444,37.55555555555556,Satisfactory,alandur
2021-01-18,39.81861111111111,107.92,34.33532777777778,780.6944444444445,13.112361111111111,11.601388888888888,42.81944444444444,16.375,58.97222222222222,30.15060763888889,763.6284722222222,50.18055555555556,38.166666666666664,Satisfactory,alandur
2021-01-19,53.12708333333333,107.92,32.384566666666665,717.2222222222222,14.074861111111112,11.025972222222222,40.44444444444444,17.52777777777778,84.04166666666667,47.31376736111111,734.6527777777778,83.45833333333333,36.77777777777778,Satisfactory,alandur
2021-01-20,56.540416666666665,107.92,34.51784444444444,888.75,14.115,8.399722222222222,43.111111111111114,17.63888888888889,100.77777777777777,56.77231481481481,870.9201388888889,100.77777777777777,43.611111111111114,Satisfactory,alandur
2021-01-21,40.087500000000006,107.92,34.67111666666667,798.8888888888889,13.580694444444443,6.293333333333333,43.333333333333336,16.944444444444443,94.09722222222223,51.09280092592593,804.6354166666666,92.88888888888889,40.25,Satisfactory,alandur
2021-01-22,24.052916666666665,107.92,32.70312222222222,772.3611111111111,13.088194444444445,4.732916666666666,40.72222222222222,16.319444444444443,51.166666666666664,28.439751157407407,780.7638888888889,47.416666666666664,39.041666666666664,Good,alandur
2021-01-23,26.616944444444446,107.92,31.201733333333337,838.8888888888889,12.717777777777776,5.63625,38.93055555555556,15.777777777777779,47.513888888888886,25.759311342592593,823.3506944444445,42.93055555555556,41.208333333333336,Good,alandur
2021-01-24,25.383750000000003,107.92,31.53543333333333,832.3611111111111,14.080555555555556,7.1625000000000005,39.40277777777778,17.51388888888889,51.0,25.694849537037037,845.0868055555555,42.90277777777778,42.236111111111114,Good,alandur
2021-01-25,29.12611111111111,107.92,34.11756111111111,875.2777777777778,14.68763888888889,6.367638888888888,42.375,18.25,54.013888888888886,26.48975694444444,857.6041666666666,44.09722222222222,42.90277777777778,Good,alandur
2021-01-26,30.45138888888889,107.92,33.676544444444446,525.2777777777778,14.803194444444443,7.795,42.15277777777778,18.416666666666668,53.59722222222222,30.643153935185182,598.1944444444445,51.138888888888886,29.930555555555557,Satisfactory,alandur
2021-01-27,47.31805555555556,107.92,36.33308888888889,781.5277777777778,13.657916666666667,10.36347222222222,45.388888888888886,17.01388888888889,64.09722222222223,36.781475694444445,725.9895833333334,61.263888888888886,36.27777777777778,Satisfactory,alandur
2021-01-28,58.72513888888889,107.92,37.96033333333333,848.4722222222222,14.891111111111112,10.822777777777778,47.43055555555556,18.555555555555557,100.65277777777777,56.23509259259259,840.3819444444445,100.65277777777777,42.041666666666664,Satisfactory,alandur
2021-01-29,39.61333333333333,107.92,29.3985,802.3611111111111,15.12125,15.782499999999999,36.708333333333336,18.88888888888889,84.65277777777777,49.86993634259259,794.53125,84.65277777777777,39.75,Satisfactory,alandur
2021-01-30,35.559444444444445,107.92,30.250766666666664,809.1666666666666,13.639305555555556,15.935555555555554,37.763888888888886,16.958333333333332,63.65277777777778,34.20753472222222,816.3020833333334,57.06944444444444,40.861111111111114,Satisfactory,alandur
2021-01-31,32.92888888888889,107.92,30.250505555555556,871.9444444444445,12.670972222222222,12.324583333333333,37.75,15.73611111111111,64.61111111111111,36.71399884259259,868.6631944444445,61.19444444444444,43.44444444444444,Satisfactory,alandur
2021-02-01,34.376666666666665,107.92,32.43731111111111,780.9722222222222,14.187777777777777,12.353472222222223,40.47222222222222,17.694444444444443,59.65277777777778,32.11351273148148,787.5,53.5,39.40277777777778,Satisfactory,alandur
2021-02-02,44.782222222222224,107.92,33.99222777777778,815.9722222222222,15.304305555555556,15.710833333333333,42.40277777777778,19.125,68.45833333333333,39.004184027777775,816.3194444444445,65.0,40.833333333333336,Satisfactory,alandur
2021-02-03,37.22277777777778,107.92,33.621972222222226,798.1944444444445,14.383055555555554,19.721805555555555,41.486111111111114,17.958333333333332,73.98611111111111,42.98334490740741,796.1111111111111,71.625,39.861111111111114,Satisfactory,alandur
2021-02-04,33.49652777777778,107.92,35.57534444444444,721.5277777777778,13.74625,15.273055555555556,44.125,17.09722222222222,64.18055555555556,35.28180555555556,742.2395833333334,58.80555555555556,37.111111111111114,Satisfactory,alandur
2021-02-05,49.68625,107.92,35.05286111111111,778.75,15.920972222222222,17.039861111111108,43.625,19.88888888888889,74.02777777777777,40.304652777777775,770.8506944444445,69.05555555555556,38.55555555555556,Satisfactory,alandur
2021-02-06,47.020694444444445,107.92,36.53440555555555,792.0833333333334,14.561111111111112,16.408472222222223,45.22222222222222,18.083333333333332,102.88888888888889,51.37877314814815,774.4444444444445,98.5,38.75,Satisfactory,alandur
2021-02-07,71.89125,107.92,36.70465,802.5,17.526666666666667,11.383472222222222,45.69444444444444,21.88888888888889,119.375,56.78233796296296,819.2881944444445,113.97222222222223,40.94444444444444,Satisfactory,alandur
2021-02-08,54.28486111111111,107.92,27.293944444444445,808.1944444444445,13.73013888888889,15.809444444444445,33.97222222222222,17.34722222222222,140.38888888888889,67.29266782407407,807.2916666666666,136.95833333333334,40.388888888888886,Satisfactory,alandur
2021-02-09,49.03722222222222,107.92,23.787222222222223,729.8611111111111,15.463611111111113,21.27958333333333,29.63888888888889,19.333333333333332,87.75,48.84431134259259,731.8923611111111,87.61111111111111,36.638888888888886,Satisfactory,alandur
2021-02-10,51.971805555555555,107.92,23.557444444444442,758.0555555555555,16.713055555555556,14.275694444444444,29.333333333333332,20.875,88.69444444444444,51.48445023148148,756.71875,88.69444444444444,37.81944444444444,Satisfactory,alandur
2021-02-11,54.82375,107.92,23.543344444444443,722.6388888888889,16.290694444444444,11.785555555555554,29.34722222222222,20.319444444444443,87.09722222222223,50.846556712962965,735.6423611111111,87.09722222222223,36.80555555555556,Satisfactory,alandur
2021-02-12,35.59013888888889,107.92,32.11953888888889,762.9166666666666,6.493888888888889,11.711111111111112,40.09722222222222,8.083333333333334,80.5,46.71400462962963,746.8229166666666,80.43055555555556,37.34722222222222,Satisfactory,alandur
2021-02-13,33.950694444444444,107.92,32.62713888888889,686.1111111111111,5.741805555555556,8.939444444444444,40.791666666666664,7.125,60.166666666666664,36.08480324074074,699.4444444444445,60.138888888888886,34.986111111111114,Satisfactory,alandur
2021-02-14,31.866944444444446,107.92,32.96815,697.5,7.554027777777778,7.658333333333333,41.208333333333336,9.347222222222221,54.52777777777778,31.481875000000002,695.5555555555555,52.47222222222222,34.763888888888886,Satisfactory,alandur
2021-02-15,30.94236111111111,107.92,32.8671,762.5,6.276111111111111,7.9975000000000005,41.083333333333336,7.819444444444445,55.791666666666664,32.48083912037037,754.9305555555555,54.125,37.763888888888886,Satisfactory,alandur
2021-02-16,40.6575,107.92,32.32973333333334,801.1111111111111,9.242916666666666,10.05375,40.361111111111114,11.458333333333334,56.541666666666664,32.95925347222222,796.4756944444445,54.916666666666664,39.84722222222222,Satisfactory,alandur
2021-02-17,45.45430555555556,107.92,32.69528888888888,650.5555555555555,6.9325,11.591944444444444,40.875,8.583333333333334,73.90277777777777,44.126614583333335,670.5729166666666,73.875,33.56944444444444,Satisfactory,alandur
2021-02-18,46.91,107.92,30.404299999999996,657.0833333333334,27.844444444444445,16.058888888888887,38.111111111111114,29.27777777777778,84.27777777777777,44.907297453703706,635.2083333333334,75.06944444444444,31.72222222222222,Satisfactory,alandur
2021-02-19,42.875277777777775,107.92,30.321266666666663,681.25,11.12513888888889,15.255833333333335,37.81944444444444,13.63888888888889,80.04166666666667,46.613946759259264,690.6597222222222,78.75,34.52777777777778,Satisfactory,alandur
2021-02-20,20.04041666666667,107.92,32.05791666666667,764.0277777777778,7.3318055555555555,19.72361111111111,40.0,8.76388888888889,55.19444444444444,30.71666087962963,757.9166666666666,51.19444444444444,37.916666666666664,Satisfactory,alandur
2021-02-21,12.140277777777778,107.92,31.96496111111111,776.1111111111111,22.03,19.383611111111108,39.916666666666664,22.680555555555557,49.888888888888886,15.507795138888888,771.9270833333334,25.833333333333332,38.666666666666664,Good,alandur
2021-02-22,25.189722222222223,107.92,37.45195,729.3055555555555,10.199583333333333,15.92888888888889,46.68055555555556,12.458333333333334,49.763888888888886,17.73623263888889,743.28125,29.569444444444443,37.19444444444444,Good,alandur
2021-02-23,37.904444444444444,107.92,33.48384444444444,710.0,15.434999999999999,16.227083333333333,41.861111111111114,19.125,56.80555555555556,31.966122685185187,708.9409722222222,53.27777777777778,35.458333333333336,Satisfactory,alandur
2021-02-24,40.911944444444444,107.92,29.95127222222222,512.9166666666666,22.371111111111112,8.995416666666666,37.43055555555556,27.666666666666668,72.84722222222223,42.13409722222222,553.4722222222222,71.13888888888889,27.63888888888889,Satisfactory,alandur
2021-02-25,39.19291666666666,107.92,27.18271111111111,570.4166666666666,16.280833333333334,12.873194444444444,34.05555555555556,19.930555555555557,68.875,40.484409722222225,542.1527777777778,67.51388888888889,27.180555555555557,Satisfactory,alandur
2021-02-26,38.29388888888889,107.92,26.803577777777775,607.3611111111111,13.425,9.618611111111111,33.513888888888886,16.833333333333332,63.486111111111114,37.57384259259259,609.84375,62.65277777777778,30.5,Satisfactory,alandur
2021-02-27,34.02597222222222,107.92,34.26065,548.0555555555555,14.242361111111112,7.257361111111111,41.388888888888886,17.88888888888889,69.91666666666667,36.73620949074074,551.1111111111111,61.263888888888886,27.61111111111111,Satisfactory,alandur
2021-02-28,21.535416666666666,107.92,21.303794444444446,609.4444444444445,12.214305555555555,26.179583333333333,26.694444444444443,15.38888888888889,45.80555555555556,26.181226851851854,587.0833333333334,43.666666666666664,29.430555555555557,Good,alandur
2021-03-01,23.200972222222223,107.92,24.98624444444444,565.4166666666666,12.852222222222222,11.354166666666666,31.305555555555557,16.11111111111111,41.708333333333336,22.33704861111111,581.0243055555555,37.22222222222222,29.125,Good,alandur
2021-03-02,32.53652777777778,107.92,28.118533333333332,618.6111111111111,13.62263888888889,19.50097222222222,35.06944444444444,17.083333333333332,47.458333333333336,26.197743055555556,611.3888888888889,43.65277777777778,30.583333333333332,Good,alandur
2021-03-03,43.79902777777777,107.92,28.819355555555553,581.25,17.390833333333333,7.802638888888889,36.0,21.791666666666668,68.58333333333333,41.144982638888884,593.5763888888889,68.58333333333333,29.666666666666668,Satisfactory,alandur
2021-03-04,42.37444444444444,107.92,26.577194444444444,569.5833333333334,14.893055555555556,6.723194444444444,33.25,18.680555555555557,68.15277777777777,40.81771412037037,579.1666666666666,68.15277777777777,28.944444444444443,Satisfactory,alandur
2021-03-05,35.20291666666667,107.92,38.137366666666665,640.2777777777778,20.498194444444444,7.114999999999999,46.611111111111114,25.63888888888889,71.16666666666667,39.48128472222223,606.1458333333334,65.95833333333333,30.34722222222222,Satisfactory,alandur
2021-03-06,32.859027777777776,107.92,28.75381666666667,751.5277777777778,16.00625,12.649722222222222,35.93055555555556,20.041666666666668,58.25,34.80097800925926,740.4166666666666,58.0,37.083333333333336,Satisfactory,alandur
2021-03-07,48.808055555555555,107.92,26.06411111111111,719.8611111111111,15.641666666666667,9.220972222222223,32.56944444444444,19.569444444444443,98.94444444444444,49.51240740740741,730.9201388888889,98.34722222222223,36.583333333333336,Satisfactory,alandur
2021-03-08,32.12611111111111,107.92,29.87581111111111,685.5555555555555,19.046944444444442,17.19486111111111,37.31944444444444,23.73611111111111,56.763888888888886,29.703310185185185,692.7430555555555,50.59722222222222,34.65277777777778,Good,alandur
2021-03-09,31.09819444444444,107.92,29.154100000000003,746.3888888888889,18.487499999999997,37.710277777777776,36.30555555555556,23.180555555555557,78.20833333333333,37.56994212962963,738.4548611111111,70.86111111111111,36.958333333333336,Good,alandur
2021-03-10,23.893194444444443,107.92,32.58483888888889,756.5277777777778,15.28875,36.23555555555556,40.263888888888886,19.15277777777778,53.72222222222222,21.666423611111114,753.3680555555555,36.15277777777778,37.666666666666664,Good,alandur
2021-03-11,21.18583333333333,107.92,27.138583333333333,750.9722222222222,12.960555555555555,9.795833333333333,33.916666666666664,16.194444444444443,45.763888888888886,23.3296875,751.0243055555555,38.916666666666664,37.56944444444444,Good,alandur
2021-03-12,23.14236111111111,107.92,29.582844444444447,714.0277777777778,13.910972222222222,11.248888888888889,36.916666666666664,17.38888888888889,44.986111111111114,22.31782986111111,724.3923611111111,37.15277777777778,36.19444444444444,Good,alandur
2021-03-13,43.02305555555555,107.92,27.506227777777777,725.4166666666666,25.545,12.273055555555555,34.375,30.875,74.29166666666667,36.087609953703705,728.6979166666666,64.16666666666667,36.44444444444444,Good,alandur
2021-03-14,31.2425,107.92,30.610577777777777,731.8055555555555,17.25986111111111,10.959861111111111,38.27777777777778,21.61111111111111,59.208333333333336,31.67916087962963,718.1770833333334,53.55555555555556,35.97222222222222,Good,alandur
2021-03-15,24.761388888888888,107.92,29.156711111111107,758.75,27.838472222222222,10.822361111111112,36.486111111111114,33.02777777777778,63.041666666666664,31.767968749999998,758.2638888888889,52.97222222222222,37.986111111111114,Satisfactory,alandur
2021-03-16,27.647222222222222,118.27541666666667,31.926055555555553,727.9166666666666,18.136944444444442,9.674861111111111,39.888888888888886,22.694444444444443,49.458333333333336,25.125653935185184,745.5381944444445,41.861111111111114,37.31944444444444,Good,alandur
2021-03-17,26.263194444444444,107.1511111111111,31.7861,763.3333333333334,15.240555555555554,9.170555555555556,39.625,19.083333333333332,50.94444444444444,27.981857638888886,747.0659722222222,46.666666666666664,37.34722222222222,Good,alandur
2021-03-18,40.707638888888894,100.83513888888889,29.78833888888889,689.4444444444445,20.316111111111113,12.811944444444444,37.236111111111114,25.194444444444443,57.43055555555556,31.679537037037036,711.7708333333334,52.791666666666664,35.65277777777778,Satisfactory,alandur
2021-03-19,46.11347222222222,115.94916666666667,22.134911111111112,709.5833333333334,23.393194444444443,11.027916666666666,27.694444444444443,27.90277777777778,80.70833333333333,46.54828125,650.1041666666666,77.54166666666667,32.47222222222222,Satisfactory,alandur
2021-03-20,77.36722222222221,138.5522222222222,12.256033333333333,634.7222222222222,16.43347222222222,11.34625,15.416666666666666,20.625,131.68055555555554,67.11719328703704,697.5694444444445,131.47222222222223,34.84722222222222,Satisfactory,alandur
2021-03-21,38.24722222222223,80.1275,13.004638888888888,732.0833333333334,17.892222222222223,8.528749999999999,16.305555555555557,22.47222222222222,98.15277777777777,52.32182291666666,721.1979166666666,97.48611111111111,36.041666666666664,Satisfactory,alandur
2021-03-22,42.16513888888889,74.1236111111111,20.451788888888885,865.1388888888889,13.990694444444445,8.942222222222222,23.125,17.666666666666668,76.27777777777777,38.36980902777778,833.8888888888889,63.986111111111114,41.708333333333336,Satisfactory,alandur
2021-03-23,50.526944444444446,97.98111111111112,11.881077777777778,779.5833333333334,17.235833333333332,13.286388888888888,14.777777777777779,21.680555555555557,79.31944444444444,46.30098958333333,800.8159722222222,77.23611111111111,40.06944444444444,Satisfactory,alandur
2021-03-24,56.48430555555555,99.71458333333334,12.266477777777776,684.1666666666666,23.66916666666667,17.615277777777777,15.375,28.84722222222222,91.97222222222223,53.44408564814815,685.5208333333334,90.80555555555556,34.361111111111114,Satisfactory,alandur
2021-03-25,69.47791666666666,92.00680555555556,14.167366666666666,1051.8055555555557,11.970972222222223,10.66763888888889,17.625,15.152777777777779,129.88888888888889,65.73034722222222,1009.6701388888889,126.59722222222223,49.583333333333336,Satisfactory,alandur
2021-03-26,41.72569444444444,82.70166666666667,10.794072222222221,946.5277777777778,11.287638888888889,11.695555555555556,13.527777777777779,14.194444444444445,101.16666666666667,54.64907986111111,956.5625,100.25,47.90277777777778,Satisfactory,alandur
2021-03-27,35.26569444444445,61.74263888888889,17.98951111111111,843.75,11.860416666666667,9.985555555555557,21.333333333333332,14.833333333333334,65.22222222222223,35.39149305555556,856.4756944444445,59.02777777777778,42.77777777777778,Satisfactory,alandur
2021-03-28,123.60680555555554,50.61541666666667,26.32705,880.9722222222222,10.691805555555556,11.850972222222222,33.0,13.472222222222221,146.45833333333334,83.59332754629628,866.3368055555555,142.875,43.30555555555556,Satisfactory,alandur
2021-03-29,119.55805555555554,46.30138888888889,29.423305555555558,896.5277777777778,10.692361111111111,10.457777777777778,36.875,13.416666666666666,187.29166666666666,120.71401041666665,906.5798611111111,171.91666666666666,45.291666666666664,Good,alandur
2021-03-30,120.35263888888888,49.049166666666665,38.944722222222225,946.5277777777778,11.677222222222222,12.586111111111112,48.708333333333336,14.680555555555555,188.66666666666666,119.38907407407406,933.90625,169.69444444444446,46.666666666666664,Good,alandur
2021-03-31,61.50375,55.47625,28.82823333333333,935.6944444444445,12.907916666666667,13.500833333333334,36.111111111111114,16.180555555555557,174.36111111111111,102.29934027777777,923.6458333333334,157.29166666666666,46.138888888888886,Good,alandur
2021-04-01,21.355694444444442,54.086111111111116,21.79416111111111,965.2777777777778,12.693472222222223,14.98986111111111,27.25,15.86111111111111,70.19444444444444,26.878871527777775,970.1736111111111,50.513888888888886,48.56944444444444,Good,alandur
2021-04-02,32.40819444444444,71.08944444444445,21.452627777777778,1065.8333333333333,16.64611111111111,12.315138888888889,26.819444444444443,20.77777777777778,61.43055555555556,26.89074652777778,1049.1840277777778,44.80555555555556,52.388888888888886,Satisfactory,alandur
2021-04-03,26.65791666666667,66.26375,20.807683333333333,993.1944444444445,14.056527777777779,12.265277777777778,26.041666666666668,17.52777777777778,65.22222222222223,31.03204282407407,998.2291666666666,51.68055555555556,49.80555555555556,Satisfactory,alandur
2021-04-04,21.677083333333332,56.07763888888889,21.10326111111111,815.6944444444445,16.84125,10.182083333333333,26.375,21.055555555555557,53.986111111111114,24.07879050925926,850.3125,40.125,42.513888888888886,Satisfactory,alandur
2021-04-05,17.156666666666666,59.162083333333335,21.476127777777776,889.4444444444445,14.074444444444445,22.500694444444445,26.819444444444443,17.555555555555557,50.55555555555556,20.572228009259263,879.0972222222222,34.27777777777778,43.958333333333336,Satisfactory,alandur
2021-04-06,9.905138888888889,50.01222222222222,21.435916666666667,925.8333333333334,12.080972222222222,35.886944444444445,26.75,15.069444444444445,47.416666666666664,12.889502314814814,934.84375,21.416666666666668,46.72222222222222,Good,alandur
2021-04-07,13.28138888888889,58.850833333333334,23.10807222222222,878.6111111111111,11.214166666666666,49.19888888888889,28.73611111111111,13.944444444444445,47.208333333333336,10.598917824074073,869.2361111111111,17.666666666666668,43.458333333333336,Good,alandur
2021-04-08,16.229305555555555,67.24583333333334,22.63728888888889,880.1388888888889,12.48611111111111,39.1125,28.36111111111111,15.625,46.25,15.053211805555556,880.8680555555555,25.083333333333332,44.06944444444444,Good,alandur
2021-04-09,20.35222222222222,57.97680555555556,22.046916666666664,669.4444444444445,12.730833333333333,28.14513888888889,27.541666666666668,15.805555555555555,43.638888888888886,16.585052083333334,728.3506944444445,27.59722222222222,36.388888888888886,Good,alandur
2021-04-10,23.678472222222222,52.649027777777775,23.256122222222224,868.8888888888889,16.809305555555554,20.654722222222222,29.11111111111111,20.958333333333332,52.388888888888886,25.105173611111113,823.4722222222222,41.833333333333336,41.166666666666664,Satisfactory,alandur
2021-04-11,23.052083333333332,46.49027777777778,21.922366666666665,719.4444444444445,19.23888888888889,17.465694444444445,27.430555555555557,24.083333333333332,50.84722222222222,22.18328125,747.7256944444445,37.0,37.375,Satisfactory,alandur
2021-04-12,19.47041666666667,32.973055555555554,19.061894444444444,700.0,16.900555555555556,19.318472222222223,23.90277777777778,21.083333333333332,47.72222222222222,21.720532407407408,685.1736111111111,36.18055555555556,34.27777777777778,Good,alandur
2021-04-13,16.05708333333333,70.92222222222223,21.44322777777778,835.4166666666666,18.927083333333332,8.081666666666667,26.84722222222222,23.541666666666668,45.65277777777778,17.13709490740741,791.6145833333334,28.569444444444443,39.59722222222222,Good,alandur
2021-04-14,15.370416666666667,89.49833333333333,27.260783333333332,896.3888888888889,21.700000000000003,6.77138888888889,33.625,27.13888888888889,56.81944444444444,16.208402777777778,926.0243055555555,27.0,46.30555555555556,Satisfactory,alandur
2021-04-15,14.8025,26.94611111111111,22.798916666666667,802.2222222222222,20.12347222222222,7.640555555555555,28.625,25.166666666666668,47.513888888888886,15.312899305555554,815.46875,25.59722222222222,40.80555555555556,Good,alandur
2021-04-16,20.091527777777777,31.665138888888887,23.44151111111111,792.7777777777778,19.226527777777775,7.6499999999999995,29.291666666666668,23.97222222222222,44.40277777777778,14.518935185185184,796.1458333333334,24.194444444444443,39.861111111111114,Good,alandur
2021-04-17,22.28625,33.76138888888889,21.86178888888889,846.5277777777778,16.38763888888889,8.363194444444444,27.27777777777778,20.555555555555557,56.041666666666664,25.249710648148145,829.1145833333334,42.05555555555556,41.486111111111114,Satisfactory,alandur
2021-04-18,13.02986111111111,59.78916666666666,21.16462222222222,736.1111111111111,16.14138888888889,6.534305555555555,26.569444444444443,20.208333333333332,42.736111111111114,16.041973379629628,749.7222222222222,26.76388888888889,37.44444444444444,Good,alandur
2021-04-19,19.308055555555555,142.26944444444445,15.55256111111111,908.0555555555555,16.23138888888889,7.845972222222222,19.52777777777778,20.23611111111111,49.388888888888886,14.792569444444446,896.0590277777778,24.666666666666668,44.81944444444444,Good,alandur
2021-04-20,22.274583333333332,48.72472222222222,18.066277777777778,877.9166666666666,16.129583333333333,11.28138888888889,22.625,20.22222222222222,49.736111111111114,21.874004629629628,870.1041666666666,36.47222222222222,43.52777777777778,Satisfactory,alandur
2021-04-21,18.974444444444444,37.136944444444445,24.16087222222222,883.75,15.365555555555554,7.959722222222222,29.916666666666668,19.22222222222222,50.875,20.53365162037037,881.8055555555555,34.208333333333336,44.138888888888886,Good,alandur
2021-04-22,18.314583333333335,34.7725,21.191255555555554,764.5833333333334,15.375277777777777,14.403888888888888,26.51388888888889,19.22222222222222,43.56944444444444,17.918287037037036,787.2048611111111,29.819444444444443,39.361111111111114,Good,alandur
2021-04-23,19.322222222222223,37.374861111111116,22.128644444444447,770.9722222222222,14.714444444444446,14.525416666666665,27.694444444444443,18.416666666666668,42.625,19.247390046296296,769.0451388888889,32.09722222222222,38.513888888888886,Good,alandur
2021-04-24,20.48138888888889,39.41972222222223,23.75641111111111,744.4444444444445,16.31152777777778,12.86125,29.5,20.444444444444443,45.22222222222222,19.701041666666665,746.7013888888889,32.791666666666664,37.333333333333336,Good,alandur
2021-04-25,18.712083333333332,36.80152777777778,20.415494444444445,826.1111111111111,16.04958333333333,9.495277777777778,25.47222222222222,20.194444444444443,45.25,20.369542824074074,803.0555555555555,33.97222222222222,40.18055555555556,Good,alandur
2021-04-26,23.86861111111111,54.721111111111114,20.040277777777778,909.4444444444445,17.07263888888889,14.220555555555556,25.069444444444443,21.40277777777778,51.59722222222222,21.257957175925927,923.9409722222222,35.44444444444444,46.208333333333336,Satisfactory,alandur
2021-04-27,20.165972222222223,56.26902777777778,23.09188333333333,893.8888888888889,16.496111111111112,22.31972222222222,28.791666666666668,20.61111111111111,51.361111111111114,22.13828703703704,874.6180555555555,36.888888888888886,43.75,Satisfactory,alandur
2021-04-28,21.54388888888889,60.462222222222216,23.98853888888889,767.5,17.051944444444445,18.2325,29.694444444444443,21.291666666666668,49.56944444444444,20.49571759259259,793.5069444444445,34.18055555555556,39.69444444444444,Satisfactory,alandur
2021-04-29,21.00402777777778,56.06263888888889,21.803561111111108,914.8611111111111,18.208472222222223,18.55527777777778,27.26388888888889,22.833333333333332,52.65277777777778,21.503680555555555,901.8229166666666,35.833333333333336,45.09722222222222,Satisfactory,alandur
2021-04-30,17.905416666666667,47.47208333333334,21.071927777777777,633.4722222222222,20.665833333333335,26.335,26.430555555555557,25.819444444444443,44.236111111111114,19.180341435185184,662.4826388888889,31.944444444444443,33.15277777777778,Good,alandur
2021-05-01,14.181249999999999,41.243750000000006,21.742461111111112,811.5277777777778,20.015277777777776,54.76847222222222,27.22222222222222,25.01388888888889,48.208333333333336,16.730827546296297,791.6319444444445,27.97222222222222,39.611111111111114,Satisfactory,alandur
2021-05-02,8.210833333333333,30.77861111111111,18.96946111111111,591.9444444444445,18.282777777777778,54.16458333333333,23.694444444444443,22.805555555555557,42.19444444444444,11.24953125,624.0972222222222,18.73611111111111,31.166666666666668,Good,alandur
2021-05-03,11.043472222222222,34.48458333333333,20.745277777777776,652.7777777777778,18.320833333333333,49.11194444444445,26.0,22.958333333333332,41.875,9.132731481481482,643.7152777777778,15.26388888888889,32.166666666666664,Good,alandur
2021-05-04,11.560416666666667,36.765277777777776,21.370377777777776,662.5,19.463055555555556,16.034166666666668,26.75,24.36111111111111,44.666666666666664,11.245503472222222,664.2708333333334,18.72222222222222,33.22222222222222,Good,alandur
2021-05-05,11.530555555555557,36.83291666666667,20.980016666666664,723.1944444444445,19.084027777777777,25.626388888888886,26.25,23.875,44.65277777777778,11.594363425925927,715.3993055555555,19.34722222222222,35.75,Good,alandur
2021-05-06,10.928194444444445,34.49333333333333,21.979288888888888,776.9444444444445,20.185555555555553,19.054583333333333,27.59722222222222,25.34722222222222,48.236111111111114,11.462100694444445,763.5069444444445,19.11111111111111,38.166666666666664,Satisfactory,alandur
2021-05-07,9.536666666666667,32.9675,20.834055555555555,872.2222222222222,20.683333333333334,34.645694444444445,26.15277777777778,25.805555555555557,51.34722222222222,10.448564814814814,840.2951388888889,17.458333333333332,41.986111111111114,Satisfactory,alandur
2021-05-08,11.559444444444445,37.873194444444444,20.518894444444445,953.6111111111111,21.055555555555557,20.420277777777777,25.680555555555557,26.319444444444443,57.791666666666664,10.221909722222222,970.6423611111111,17.02777777777778,48.55555555555556,Satisfactory,alandur
2021-05-09,9.651111111111112,35.81375,22.03333888888889,753.75,21.24111111111111,15.779166666666665,27.5,26.51388888888889,54.986111111111114,11.217106481481482,803.6631944444445,18.680555555555557,40.236111111111114,Satisfactory,alandur
2021-05-10,11.044722222222223,31.72930555555556,19.23005,813.6111111111111,9.934027777777779,10.36,24.09722222222222,12.36111111111111,46.111111111111114,9.45976851851852,749.0104166666666,15.819444444444445,37.44444444444444,Good,alandur
2021-05-11,11.543333333333333,35.111666666666665,20.63639444444444,783.1944444444445,4.745416666666667,9.120972222222223,25.805555555555557,5.833333333333333,43.56944444444444,11.082899305555555,807.2743055555555,18.458333333333332,40.40277777777778,Good,alandur
2021-05-12,9.684444444444445,37.735,19.63163888888889,926.8055555555555,7.983472222222223,8.58013888888889,24.555555555555557,9.958333333333334,46.388888888888886,11.100902777777778,904.4444444444445,18.52777777777778,45.25,Good,alandur
2021-05-13,11.138055555555555,42.12388888888889,19.098188888888888,851.3888888888889,3.6786111111111115,15.60277777777778,23.916666666666668,4.597222222222222,44.708333333333336,10.439733796296297,870.5381944444445,17.40277777777778,43.541666666666664,Good,alandur
2021-05-14,12.73638888888889,40.976111111111116,19.382277777777777,885.4166666666666,4.09375,15.001666666666665,24.319444444444443,5.138888888888889,45.02777777777778,11.750868055555555,877.96875,19.583333333333332,43.93055555555556,Good,alandur
2021-05-15,10.461805555555555,42.59180555555556,20.344211111111107,913.4722222222222,4.463888888888889,16.65513888888889,25.47222222222222,5.597222222222222,46.138888888888886,11.639126157407407,912.1527777777778,19.36111111111111,45.625,Good,alandur
2021-05-16,9.295555555555556,40.64694444444444,19.29637222222222,1001.6666666666666,5.126111111111111,11.101666666666667,24.208333333333332,6.402777777777778,49.291666666666664,10.145196759259258,986.0243055555555,16.98611111111111,49.291666666666664,Good,alandur
2021-05-17,13.160833333333334,44.680416666666666,21.374816666666664,859.1666666666666,5.961805555555555,13.501111111111111,26.65277777777778,7.444444444444445,46.111111111111114,11.28927662037037,872.0659722222222,18.833333333333332,43.638888888888886,Good,alandur
2021-05-18,12.91875,49.668194444444445,19.20628888888889,965.1388888888889,5.545972222222222,21.10125,24.069444444444443,6.902777777777778,47.486111111111114,12.90407986111111,928.6979166666666,21.541666666666668,46.47222222222222,Good,alandur
2021-05-19,11.9375,46.12041666666667,18.882772222222222,882.3611111111111,6.442222222222222,16.364583333333332,23.583333333333332,8.027777777777779,45.94444444444444,12.231579861111111,907.0486111111111,20.416666666666668,45.388888888888886,Good,alandur
2021-05-20,12.774583333333332,41.66694444444445,19.156155555555554,929.7222222222222,7.010555555555555,19.755972222222223,24.125,8.791666666666666,48.916666666666664,12.543362268518518,974.1666666666666,20.944444444444443,48.638888888888886,Good,alandur
2021-05-21,12.477222222222222,42.795138888888886,22.448244444444445,994.5833333333334,7.387777777777777,20.37347222222222,28.09722222222222,9.222222222222221,48.52777777777778,12.568703703703704,956.1458333333334,20.98611111111111,47.791666666666664,Good,alandur
2021-05-22,15.921249999999999,45.84625,16.82652222222222,776.6666666666666,8.378194444444444,15.941666666666666,21.041666666666668,10.416666666666666,42.625,13.371643518518518,812.4131944444445,22.291666666666668,40.59722222222222,Good,alandur
2021-05-23,17.515,52.73708333333334,18.40102222222222,940.9722222222222,11.043888888888889,10.352222222222222,23.01388888888889,13.819444444444445,53.291666666666664,17.61243634259259,956.1111111111111,29.375,45.833333333333336,Good,alandur
2021-05-24,18.837222222222223,55.1925,22.03203333333333,1583.3333333333333,20.40222222222222,27.597638888888888,27.555555555555557,25.5,62.5,17.332430555555554,1442.2916666666667,28.90277777777778,53.138888888888886,Good,alandur
2021-05-25,20.98111111111111,59.10458333333333,22.245099999999997,1530.0,17.12972222222222,17.775277777777777,27.86111111111111,21.555555555555557,67.19444444444444,21.106331018518517,1546.545138888889,35.208333333333336,58.25,Good,alandur
2021-05-26,18.901805555555555,55.257638888888884,20.943983333333332,783.6111111111111,21.2425,29.897777777777776,26.27777777777778,22.40277777777778,60.34722222222222,18.6941724537037,911.8923611111111,31.166666666666668,43.875,Good,alandur
2021-05-27,19.893472222222222,57.88847222222223,21.688672222222223,1684.4444444444443,30.30263888888889,28.93597222222222,27.166666666666668,33.861111111111114,74.79166666666667,20.211770833333333,1528.7152777777778,33.638888888888886,53.958333333333336,Good,alandur
2021-05-28,19.943194444444444,60.79013888888889,20.900116666666666,1824.0277777777778,31.66347222222222,29.77861111111111,26.15277777777778,36.236111111111114,76.34722222222223,20.378796296296297,1799.1666666666667,33.986111111111114,61.986111111111114,Good,alandur
2021-05-29,21.231388888888887,61.82736111111111,23.1334,1631.5277777777778,32.90763888888889,29.84388888888889,28.84722222222222,35.875,77.25,20.626319444444444,1681.892361111111,34.388888888888886,59.06944444444444,Good,alandur
2021-05-30,17.564861111111114,53.230555555555554,21.849255555555555,906.8055555555555,34.370694444444446,31.84263888888889,27.416666666666668,39.111111111111114,67.68055555555556,19.774299768518517,1035.2083333333333,32.94444444444444,47.44444444444444,Good,alandur
2021-05-31,15.179305555555556,47.375972222222224,21.342699999999997,1998.888888888889,33.802638888888886,29.905694444444446,26.61111111111111,36.833333333333336,78.25,15.01146412037037,1786.4409722222222,24.97222222222222,58.44444444444444,Good,alandur
2021-06-01,15.377500000000001,48.59847222222223,23.606794444444446,1572.0833333333333,41.50263888888889,29.843194444444446,29.51388888888889,44.208333333333336,81.09722222222223,16.023263888888888,1659.3229166666667,26.680555555555557,58.97222222222222,Good,alandur
2021-06-02,15.492638888888889,49.976527777777775,23.101283333333335,1891.8055555555557,35.27333333333333,29.61777777777778,28.90277777777778,38.583333333333336,81.45833333333333,15.574189814814815,1815.2777777777778,25.98611111111111,61.68055555555556,Good,alandur
2021-06-03,15.698055555555555,47.753888888888895,20.868783333333333,1834.0277777777778,16.06375,28.765,26.13888888888889,20.11111111111111,68.48611111111111,15.306284722222223,1821.1458333333333,25.555555555555557,62.34722222222222,Good,alandur
2021-06-04,12.765972222222222,42.227222222222224,19.71153888888889,1689.7222222222222,10.948611111111111,26.675416666666667,24.694444444444443,13.583333333333334,62.263888888888886,14.160688657407407,1749.53125,23.63888888888889,61.77777777777778,Good,alandur
2021-06-05,11.958472222222222,41.79402777777778,20.507666666666665,1727.9166666666667,11.054722222222223,22.77486111111111,25.680555555555557,13.777777777777779,62.166666666666664,12.243443287037037,1726.2152777777778,20.48611111111111,59.97222222222222,Good,alandur
2021-06-06,12.115,41.891666666666666,19.25851111111111,1745.0,15.924583333333333,19.14986111111111,24.166666666666668,19.930555555555557,63.361111111111114,12.338339120370371,1758.5243055555557,20.52777777777778,61.611111111111114,Good,alandur
2021-06-07,14.92847222222222,50.12,22.335444444444445,1815.8333333333333,18.40347222222222,17.562638888888888,27.77777777777778,21.75,65.40277777777777,13.099855324074074,1789.4444444444443,21.791666666666668,61.513888888888886,Good,alandur
2021-06-08,23.098333333333333,50.236805555555556,21.712433333333333,1505.2777777777778,23.349027777777778,14.675694444444446,27.166666666666668,27.40277777777778,65.09722222222223,17.27550925925926,1594.045138888889,28.819444444444443,59.30555555555556,Good,alandur
2021-06-09,24.336111111111112,53.34972222222222,22.161022222222222,1679.5833333333333,22.763055555555557,16.58555555555556,27.708333333333332,25.416666666666668,68.41666666666667,25.30692708333333,1621.1458333333333,42.208333333333336,58.30555555555556,Good,alandur
2021-06-10,20.229166666666668,49.689305555555556,21.859177777777777,1879.7222222222222,15.331666666666669,11.749722222222223,27.38888888888889,19.166666666666668,66.75,22.566163194444442,1854.8958333333333,37.638888888888886,63.52777777777778,Good,alandur
2021-06-11,27.75916666666667,58.92263888888889,22.764972222222223,1475.2777777777778,15.573611111111111,10.982777777777777,28.51388888888889,19.40277777777778,62.18055555555556,23.854930555555555,1542.5,39.72222222222222,59.18055555555556,Good,alandur
2021-06-12,26.343055555555555,61.68402777777778,24.005772222222223,582.5,26.88888888888889,14.806527777777777,30.27777777777778,33.68055555555556,58.09722222222222,28.42376736111111,685.0694444444445,47.34722222222222,33.375,Satisfactory,alandur
2021-06-13,17.655555555555555,53.065,22.626844444444444,487.77777777777777,19.115,17.250694444444445,28.47222222222222,24.041666666666668,46.833333333333336,21.070162037037036,495.9201388888889,35.083333333333336,24.819444444444443,Good,alandur
2021-06-14,23.115972222222222,52.01708333333333,23.644394444444444,1869.861111111111,19.920694444444443,15.577083333333333,29.708333333333332,25.11111111111111,60.666666666666664,19.37190972222222,1516.9791666666667,32.263888888888886,51.111111111111114,Good,alandur
2021-06-15,24.080277777777777,55.63527777777778,22.00775,1639.7222222222222,13.967083333333333,17.31125,27.52777777777778,17.47222222222222,66.06944444444444,22.763541666666665,1951.2847222222222,37.958333333333336,63.47222222222222,Good,alandur
2021-06-16,34.433611111111105,67.77805555555555,25.03951111111111,795.9722222222222,7.540694444444444,17.4175,31.375,9.416666666666666,55.5,29.439895833333335,791.4409722222222,49.05555555555556,39.625,Satisfactory,alandur
2021-06-17,36.724999999999994,74.9475,21.678227777777778,796.5277777777778,8.739444444444445,19.32069444444444,27.041666666666668,10.902777777777779,63.361111111111114,35.40935185185185,792.96875,59.013888888888886,39.75,Satisfactory,alandur
2021-06-18,42.78013888888889,79.89861111111111,22.243794444444447,672.6388888888889,15.08472222222222,21.007083333333334,27.84722222222222,18.88888888888889,70.56944444444444,40.71615740740741,694.1840277777778,67.94444444444444,34.77777777777778,Satisfactory,alandur
2021-06-19,43.6975,82.22694444444444,22.053183333333333,739.1666666666666,14.256250000000001,23.312916666666666,27.555555555555557,17.76388888888889,74.63888888888889,43.29902777777777,721.3888888888889,72.09722222222223,36.125,Satisfactory,alandur
2021-06-20,38.63652777777778,75.04625,21.33565,713.0555555555555,25.768194444444443,22.545833333333334,26.73611111111111,27.73611111111111,79.16666666666667,41.21742476851852,721.5972222222222,68.77777777777777,36.125,Satisfactory,alandur
2021-06-21,39.08347222222223,74.46333333333332,27.256605555555556,748.0555555555555,36.522083333333335,24.569027777777777,33.81944444444444,37.40277777777778,79.93055555555556,38.879259259259264,741.4409722222222,64.84722222222223,37.05555555555556,Satisfactory,alandur
2021-06-22,42.658055555555556,73.67861111111111,22.556605555555553,902.5,16.484027777777776,29.94472222222222,28.15277777777778,20.61111111111111,70.77777777777777,40.08314236111111,866.7361111111111,66.73611111111111,43.30555555555556,Satisfactory,alandur
2021-06-23,42.31138888888889,76.53513888888888,21.361238888888888,1062.9166666666667,5.447916666666667,32.44208333333333,26.76388888888889,6.777777777777778,81.26388888888889,43.6095775462963,1043.8715277777778,72.66666666666667,52.22222222222222,Satisfactory,alandur
2021-06-24,32.66388888888889,62.43430555555556,23.59426111111111,948.8888888888889,5.427499999999999,25.443333333333335,29.416666666666668,6.694444444444445,69.98611111111111,36.046776620370366,978.2291666666666,60.05555555555556,48.90277777777778,Satisfactory,alandur
2021-06-25,36.88597222222222,76.7498611111111,20.834577777777778,930.4166666666666,8.118888888888888,30.006527777777777,26.01388888888889,10.125,68.0,35.470613425925926,934.21875,59.083333333333336,46.708333333333336,Satisfactory,alandur
2021-06-26,42.44986111111111,80.32458333333334,22.200972222222223,877.0833333333334,4.886805555555556,32.48777777777778,27.805555555555557,6.097222222222222,76.79166666666667,41.58787615740741,893.4201388888889,69.31944444444444,44.77777777777778,Satisfactory,alandur
2021-06-27,22.29388888888889,48.25763888888889,21.763088888888888,780.1388888888889,3.462638888888889,29.824583333333333,27.25,4.347222222222222,59.611111111111114,32.02204861111111,784.6006944444445,53.361111111111114,39.208333333333336,Satisfactory,alandur
2021-06-28,22.792916666666667,54.62486111111111,26.524449999999998,931.1111111111111,11.211666666666666,30.453194444444446,33.0,14.01388888888889,57.27777777777778,20.945046296296297,895.5034722222222,34.916666666666664,44.77777777777778,Satisfactory,alandur
2021-06-29,29.46486111111111,60.525277777777774,20.630127777777776,960.0,12.003888888888888,18.816111111111113,25.84722222222222,15.0,66.09722222222223,28.767604166666665,964.5486111111111,47.94444444444444,48.236111111111114,Satisfactory,alandur
2021-06-30,23.977777777777778,57.39680555555555,20.846066666666665,1035.6944444444443,28.579444444444448,19.744027777777777,26.055555555555557,27.13888888888889,73.33333333333333,23.739189814814814,1029.3229166666667,39.55555555555556,51.55555555555556,Satisfactory,alandur
2021-07-01,25.24083333333333,57.219166666666666,21.000905555555555,1064.4444444444443,24.825277777777778,17.841805555555553,26.291666666666668,25.61111111111111,71.16666666666667,24.568998842592592,1066.40625,40.93055555555556,53.236111111111114,Satisfactory,alandur
2021-07-02,25.089166666666667,57.712916666666665,24.285422222222223,901.25,12.70361111111111,16.85736111111111,29.88888888888889,16.02777777777778,62.111111111111114,26.617766203703706,949.2708333333334,44.34722222222222,47.416666666666664,Satisfactory,alandur
2021-07-03,20.117916666666666,49.079861111111114,22.338316666666667,722.9166666666666,16.725833333333334,12.063611111111111,28.02777777777778,20.86111111111111,48.111111111111114,21.053466435185186,720.2777777777778,35.111111111111114,36.05555555555556,Good,alandur
2021-07-04,23.967361111111114,52.97125,21.003255555555555,883.0555555555555,19.30527777777778,14.41625,26.319444444444443,24.180555555555557,55.52777777777778,23.25613425925926,841.9270833333334,38.80555555555556,42.06944444444444,Satisfactory,alandur
2021-07-05,15.1525,42.88333333333333,20.59775,976.1111111111111,24.035833333333333,8.793611111111112,25.77777777777778,29.416666666666668,62.94444444444444,19.885503472222222,970.3645833333334,33.111111111111114,48.55555555555556,Satisfactory,alandur
2021-07-06,26.205277777777777,58.02319444444444,22.76967222222222,743.8888888888889,22.012777777777778,8.884305555555555,28.583333333333332,27.5,54.44444444444444,19.99285300925926,795.5729166666666,33.30555555555556,39.833333333333336,Satisfactory,alandur
2021-07-07,22.49736111111111,53.744166666666665,22.622144444444444,853.1944444444445,16.6725,8.887916666666666,28.27777777777778,20.77777777777778,53.611111111111114,24.052025462962963,796.5104166666666,40.083333333333336,39.90277777777778,Satisfactory,alandur
2021-07-08,24.134027777777778,56.378888888888895,21.49257777777778,933.75,8.144305555555555,14.943055555555556,26.98611111111111,10.13888888888889,55.138888888888886,23.76833333333333,962.2569444444445,39.638888888888886,48.125,Satisfactory,alandur
2021-07-09,15.529027777777777,44.58263888888889,17.193644444444445,978.6111111111111,9.335555555555555,14.373194444444445,21.52777777777778,11.722222222222221,50.90277777777778,19.301591435185188,970.8159722222222,32.18055555555556,48.52777777777778,Good,alandur
2021-07-10,19.371666666666666,48.86527777777778,16.602227777777777,961.9444444444445,9.300138888888888,9.296944444444444,20.86111111111111,11.694444444444445,48.52777777777778,17.99929398148148,951.1111111111111,29.958333333333332,47.5,Good,alandur
2021-07-11,15.016250000000001,40.97222222222222,17.22523888888889,657.9166666666666,6.346666666666667,11.765833333333333,21.555555555555557,8.0,44.388888888888886,18.532858796296296,715.2951388888889,30.88888888888889,35.77777777777778,Good,alandur
2021-07-12,21.325277777777778,51.96930555555556,15.77555,766.8055555555555,9.11375,10.314444444444444,19.708333333333332,11.430555555555555,40.861111111111114,15.53726851851852,707.34375,25.875,35.375,Good,alandur
2021-07-13,28.91791666666667,60.365972222222226,16.988411111111112,838.1944444444445,11.466111111111111,7.210416666666666,21.208333333333332,14.375,52.90277777777778,27.68413773148148,815.9548611111111,46.19444444444444,40.763888888888886,Satisfactory,alandur
2021-07-14,22.022916666666667,53.70763888888889,23.928483333333332,867.5,10.257361111111111,8.463055555555556,29.194444444444443,12.805555555555555,59.388888888888886,25.527997685185184,922.9861111111111,42.55555555555556,46.166666666666664,Good,alandur
2021-07-15,15.479722222222222,41.04472222222222,35.564899999999994,778.1944444444445,9.065,11.097777777777777,43.40277777777778,11.291666666666666,55.916666666666664,16.916950231481483,793.2986111111111,28.22222222222222,39.68055555555556,Good,alandur
2021-07-16,24.375555555555554,52.591944444444444,31.49652777777778,708.0555555555555,9.40486111111111,11.953333333333333,39.40277777777778,11.722222222222221,48.236111111111114,20.669189814814814,695.6597222222222,34.375,34.80555555555556,Good,alandur
2021-07-17,16.63736111111111,41.224444444444444,31.022611111111114,825.8333333333334,10.21375,8.883472222222222,38.72222222222222,12.791666666666666,50.958333333333336,20.327899305555558,771.25,33.875,38.56944444444444,Good,alandur
2021-07-18,14.743333333333332,41.82958333333333,30.79596666666667,600.0,9.82402777777778,12.430972222222222,38.486111111111114,12.444444444444445,50.02777777777778,16.216354166666665,703.7326388888889,26.930555555555557,35.18055555555556,Good,alandur
2021-07-19,17.15625,47.469027777777775,29.87163333333333,691.25,9.542916666666667,12.135555555555555,37.208333333333336,12.027777777777779,47.833333333333336,14.69041087962963,657.9166666666666,24.48611111111111,32.90277777777778,Good,alandur
2021-07-20,20.739722222222223,49.82944444444445,29.956755555555553,620.6944444444445,10.286111111111111,7.841666666666667,37.43055555555556,12.930555555555555,46.19444444444444,18.407800925925926,595.8680555555555,30.65277777777778,29.73611111111111,Good,alandur
2021-07-21,27.28847222222222,53.03638888888889,25.04865,650.1388888888889,11.342638888888889,9.835416666666667,31.27777777777778,14.125,50.375,27.195665509259257,665.2777777777778,45.34722222222222,33.27777777777778,Satisfactory,alandur
2021-07-22,20.119305555555556,56.14986111111111,31.592616666666668,819.4444444444445,8.209861111111111,7.5623611111111115,39.388888888888886,10.26388888888889,49.958333333333336,22.687696759259257,812.2395833333334,37.80555555555556,40.708333333333336,Satisfactory,alandur
2021-07-23,21.474305555555556,57.27236111111111,30.389155555555558,780.2777777777778,9.21861111111111,8.981666666666666,37.958333333333336,11.569444444444445,47.22222222222222,19.600792824074073,762.6388888888889,32.666666666666664,38.166666666666664,Good,alandur
2021-07-24,21.728333333333335,60.18416666666667,28.58931666666667,783.3333333333334,9.740833333333335,12.457777777777778,35.69444444444444,12.13888888888889,45.416666666666664,21.31483796296296,786.5625,35.52777777777778,39.43055555555556,Good,alandur
2021-07-25,21.196527777777778,51.53472222222222,28.716738888888887,820.2777777777778,8.010555555555555,12.698333333333332,35.94444444444444,10.097222222222221,45.90277777777778,22.72597222222222,820.5902777777778,37.888888888888886,41.013888888888886,Good,alandur
2021-07-26,15.526250000000001,44.96263888888889,27.56785,736.5277777777778,9.22111111111111,17.011666666666667,34.388888888888886,11.51388888888889,43.416666666666664,17.352291666666666,747.65625,28.97222222222222,37.40277777777778,Good,alandur
2021-07-27,20.570277777777775,53.17458333333334,28.678877777777775,1017.2222222222222,10.727638888888889,17.856944444444444,35.833333333333336,13.333333333333334,52.69444444444444,17.142754629629632,980.2777777777778,28.59722222222222,49.02777777777778,Good,alandur
2021-07-28,26.472916666666666,65.98680555555556,28.849383333333336,877.5,11.259027777777778,17.879583333333333,35.986111111111114,14.041666666666666,54.65277777777778,26.437829861111112,878.6805555555555,44.083333333333336,43.93055555555556,Satisfactory,alandur
2021-07-29,22.311944444444446,59.51361111111112,28.741283333333328,895.1388888888889,10.99638888888889,19.87777777777778,35.958333333333336,13.680555555555555,52.05555555555556,22.288449074074077,914.9826388888889,37.19444444444444,45.791666666666664,Satisfactory,alandur
2021-07-30,21.625138888888888,62.67958333333334,30.758105555555556,868.3333333333334,11.487083333333334,15.84736111111111,38.388888888888886,14.375,49.09722222222222,22.380694444444444,842.2048611111111,37.333333333333336,42.138888888888886,Satisfactory,alandur
2021-07-31,21.44388888888889,58.41444444444445,37.724288888888886,807.7777777777778,11.61375,14.94652777777778,47.111111111111114,14.61111111111111,54.40277777777778,22.775179398148147,830.4513888888889,37.94444444444444,41.541666666666664,Satisfactory,alandur
2021-08-01,14.987777777777776,47.413472222222225,32.17541666666667,945.9722222222222,9.058472222222223,14.225833333333334,40.19444444444444,11.402777777777779,50.18055555555556,16.868616898148147,916.09375,28.02777777777778,45.77777777777778,Good,alandur
2021-08-02,18.3125,54.86638888888889,31.451616666666666,778.1944444444445,9.62625,13.930138888888889,39.27777777777778,12.055555555555555,46.638888888888886,17.498559027777777,818.3854166666666,29.194444444444443,41.02777777777778,Good,alandur
2021-08-03,17.991666666666667,52.05430555555555,32.40676111111111,886.3888888888889,9.1275,11.259722222222223,40.486111111111114,11.48611111111111,48.05555555555556,17.30724537037037,887.9166666666666,28.84722222222222,44.388888888888886,Good,alandur
2021-08-04,20.167916666666667,53.70569444444445,32.55115555555555,890.9722222222222,9.123472222222222,9.090833333333332,40.638888888888886,11.458333333333334,46.30555555555556,19.448119212962965,851.9444444444445,32.458333333333336,42.625,Good,alandur
2021-08-05,22.570416666666667,59.370000000000005,33.45277222222222,754.1666666666666,9.40263888888889,11.061388888888889,41.736111111111114,11.708333333333334,47.875,21.40392361111111,818.3854166666666,35.625,40.958333333333336,Good,alandur
2021-08-06,28.486944444444443,55.31666666666667,32.84934444444444,790.9722222222222,9.0725,11.760416666666666,41.05555555555556,11.333333333333334,47.27777777777778,24.398535879629627,754.5138888888889,40.65277777777778,37.861111111111114,Good,alandur
2021-08-07,21.680555555555557,52.783055555555556,32.72636111111111,904.5833333333334,9.214444444444446,14.43,40.80555555555556,11.51388888888889,49.486111111111114,25.44162615740741,901.1458333333334,42.34722222222222,45.041666666666664,Good,alandur
2021-08-08,32.35375,55.941805555555554,33.06110555555555,919.3055555555555,9.171805555555556,15.589722222222223,41.18055555555556,11.444444444444445,51.166666666666664,26.034166666666668,922.5,43.34722222222222,46.125,Good,alandur
2021-08-09,39.190416666666664,53.30152777777778,32.509116666666664,1036.8055555555557,8.505555555555555,23.68111111111111,40.583333333333336,10.63888888888889,92.51388888888889,41.91267361111111,980.0,85.875,48.666666666666664,Good,alandur
2021-08-10,22.791805555555555,45.70902777777778,32.51251111111111,1032.5,8.225555555555555,13.36111111111111,40.583333333333336,10.26388888888889,62.416666666666664,28.655746527777776,1039.7916666666667,50.84722222222222,50.875,Good,alandur
2021-08-11,19.769444444444446,53.53013888888889,32.424255555555554,1010.4166666666666,9.579166666666667,11.838611111111112,40.388888888888886,12.0,55.09722222222222,19.043935185185187,1032.8645833333333,31.73611111111111,51.43055555555556,Good,alandur
2021-08-12,18.735972222222223,54.45388888888888,32.87989444444444,919.3055555555555,9.844861111111111,9.125277777777777,40.97222222222222,12.375,50.333333333333336,19.062609953703703,926.3194444444445,31.77777777777778,46.333333333333336,Good,alandur
2021-08-13,24.654305555555553,57.834583333333335,32.460811111111106,901.25,10.180555555555555,16.439861111111114,40.52777777777778,12.680555555555555,49.361111111111114,21.739664351851854,885.5729166666666,36.27777777777778,44.30555555555556,Good,alandur
2021-08-14,24.890694444444446,57.63777777777778,32.94491111111111,945.2777777777778,9.545555555555556,14.686111111111112,41.111111111111114,11.958333333333334,52.333333333333336,24.72695601851852,948.9930555555555,41.18055555555556,47.458333333333336,Good,alandur
2021-08-15,26.18,56.56625,32.564733333333336,854.8611111111111,9.205555555555556,11.437777777777777,40.65277777777778,11.5,52.31944444444444,25.726493055555554,893.7673611111111,42.888888888888886,44.75,Satisfactory,alandur
2021-08-16,33.66486111111111,62.00125,32.10308888888889,984.7222222222222,9.29888888888889,10.485,40.111111111111114,11.555555555555555,55.083333333333336,29.021672453703705,942.7951388888889,48.375,47.041666666666664,Satisfactory,alandur
2021-08-17,20.113611111111112,56.96458333333333,33.47757777777778,926.6666666666666,8.11347222222222,12.786111111111111,41.80555555555556,10.069444444444445,57.861111111111114,27.650868055555556,944.2708333333334,46.013888888888886,47.27777777777778,Satisfactory,alandur
2021-08-18,22.855277777777776,55.80569444444445,34.312872222222225,963.6111111111111,8.429583333333333,12.924861111111111,42.833333333333336,10.458333333333334,54.708333333333336,21.336568287037036,981.1111111111111,35.56944444444444,49.09722222222222,Good,alandur
2021-08-19,27.823333333333334,53.5825,32.751688888888886,873.3333333333334,7.92111111111111,15.156805555555556,40.875,9.847222222222221,53.541666666666664,26.025949074074074,881.875,43.34722222222222,44.09722222222222,Good,alandur
2021-08-20,14.620972222222223,53.77722222222222,34.60453333333333,860.0,8.042499999999999,13.310416666666667,43.18055555555556,10.041666666666666,49.888888888888886,20.591354166666665,858.6805555555555,34.291666666666664,42.833333333333336,Good,alandur
2021-08-21,17.279166666666665,54.132777777777775,33.302372222222225,868.8888888888889,8.625277777777777,19.84541666666667,41.5,10.833333333333334,47.041666666666664,16.311122685185186,865.4340277777778,27.208333333333332,43.166666666666664,Good,alandur
2021-08-22,18.484861111111112,52.81708333333333,33.12586111111111,777.9166666666666,8.316388888888888,15.089305555555557,41.27777777777778,10.347222222222221,45.0,18.914131944444446,790.3472222222222,31.48611111111111,39.5,Good,alandur
2021-08-23,20.515138888888888,52.85125,31.845894444444443,1036.111111111111,8.85625,12.185,39.72222222222222,11.055555555555555,52.40277777777778,18.149172453703702,984.0798611111111,30.26388888888889,48.736111111111114,Good,alandur
2021-08-24,22.990416666666665,57.201666666666675,33.530322222222225,1060.138888888889,8.243333333333332,16.986805555555556,41.84722222222222,10.26388888888889,58.013888888888886,21.498136574074074,1077.6909722222222,35.81944444444444,53.84722222222222,Good,alandur
2021-08-25,18.920833333333334,53.472638888888895,33.22978333333333,1015.6944444444445,8.456111111111111,12.432361111111112,41.486111111111114,10.51388888888889,55.458333333333336,21.36116898148148,1013.8541666666666,35.65277777777778,50.59722222222222,Good,alandur
2021-08-26,18.587777777777777,54.674166666666665,33.47105,1085.0,9.067361111111111,13.2625,41.791666666666664,11.38888888888889,56.388888888888886,18.74023148148148,1055.642361111111,31.166666666666668,52.708333333333336,Good,alandur
2021-08-27,16.019305555555558,51.132777777777775,33.16111111111111,966.9444444444445,11.157777777777778,10.104305555555555,41.34722222222222,13.958333333333334,51.5,17.646024305555557,963.1597222222222,29.430555555555557,47.763888888888886,Good,alandur
2021-08-28,12.587777777777777,47.48138888888889,32.87388888888889,874.3055555555555,10.573333333333332,7.242916666666667,41.0,13.26388888888889,50.69444444444444,13.934832175925926,948.3680555555555,23.23611111111111,47.013888888888886,Good,alandur
2021-08-29,11.566666666666666,47.252361111111114,32.47465,997.3611111111111,11.073749999999999,4.576805555555556,40.5,13.805555555555555,51.52777777777778,12.061383101851852,935.6944444444445,20.083333333333332,46.69444444444444,Good,alandur
2021-08-30,16.156111111111112,50.07208333333333,33.00313888888889,840.5555555555555,27.39708333333333,8.496805555555556,41.111111111111114,34.263888888888886,58.43055555555556,13.901643518518519,876.7708333333334,23.15277777777778,43.875,Satisfactory,alandur
2021-08-31,17.992083333333333,53.507361111111116,32.933161111111104,953.6111111111111,33.92166666666667,12.205694444444443,41.09722222222222,41.888888888888886,67.51388888888889,16.648177083333334,936.8055555555555,27.708333333333332,46.791666666666664,Satisfactory,alandur
2021-09-01,32.70458333333333,61.47277777777778,32.80103888888888,895.0,23.146666666666665,12.570555555555556,40.97222222222222,28.86111111111111,63.15277777777778,24.826799768518516,920.4513888888889,41.34722222222222,46.111111111111114,Satisfactory,alandur
2021-09-02,22.612499999999997,58.248472222222226,33.82955555555556,961.6666666666666,12.928888888888888,10.115972222222222,42.22222222222222,16.13888888888889,58.888888888888886,29.093362268518515,918.125,48.458333333333336,45.958333333333336,Satisfactory,alandur
2021-09-03,18.81277777777778,50.479305555555555,32.00778333333333,960.0,13.856944444444444,10.65263888888889,39.958333333333336,17.36111111111111,53.013888888888886,19.889027777777777,983.4201388888889,33.083333333333336,49.138888888888886,Good,alandur
2021-09-04,15.332361111111112,50.96333333333334,31.95765,991.8055555555555,13.610277777777778,13.1425,39.84722222222222,16.958333333333332,54.43055555555556,16.99609953703704,984.5659722222222,28.319444444444443,49.236111111111114,Good,alandur
2021-09-05,14.511944444444444,51.43152777777778,35.80616666666666,891.8055555555555,11.484305555555556,20.925833333333333,44.68055555555556,14.402777777777779,52.888888888888886,16.041973379629628,910.6770833333334,26.708333333333332,45.513888888888886,Satisfactory,alandur
2021-09-06,14.157777777777778,53.073611111111106,35.22284444444445,830.5555555555555,10.02513888888889,14.66,43.986111111111114,12.583333333333334,49.25,14.045983796296296,828.6284722222222,23.416666666666668,41.388888888888886,Satisfactory,alandur
2021-09-07,14.961111111111112,52.73041666666667,34.93927777777778,815.6944444444445,10.618055555555555,10.785555555555554,43.65277777777778,13.305555555555555,48.97222222222222,13.863935185185184,820.0347222222222,23.13888888888889,41.138888888888886,Satisfactory,alandur
2021-09-08,17.468333333333334,58.4775,35.85473333333333,837.9166666666666,10.388055555555557,12.399722222222222,44.791666666666664,12.98611111111111,49.833333333333336,16.040335648148147,847.7083333333334,26.73611111111111,42.333333333333336,Satisfactory,alandur
2021-09-09,13.958194444444445,53.75555555555556,35.360188888888885,785.0,10.675,14.113194444444444,44.125,13.305555555555555,48.56944444444444,16.325092592592593,791.8923611111111,27.13888888888889,39.47222222222222,Satisfactory,alandur
2021-09-10,17.391944444444444,56.68347222222222,39.15361111111111,801.9444444444445,10.4875,8.454166666666667,48.93055555555556,13.055555555555555,50.69444444444444,15.440966435185183,788.3506944444445,25.77777777777778,39.34722222222222,Satisfactory,alandur
2021-09-11,19.84986111111111,59.25222222222222,36.28843888888889,871.8055555555555,11.591527777777777,12.484166666666667,45.333333333333336,14.5,51.236111111111114,18.23435185185185,855.9722222222222,30.430555555555557,42.69444444444444,Satisfactory,alandur
2021-09-12,16.588194444444444,53.958194444444445,34.82308333333334,786.25,10.95375,11.639722222222222,43.47222222222222,13.805555555555555,49.59722222222222,19.14683449074074,802.8472222222222,32.0,40.02777777777778,Satisfactory,alandur
2021-09-13,17.52777777777778,58.33486111111111,35.01473888888889,701.5277777777778,10.446527777777778,10.232777777777777,43.666666666666664,13.01388888888889,48.291666666666664,15.784282407407407,761.1805555555555,26.305555555555557,38.0,Satisfactory,alandur
2021-09-14,18.507916666666667,56.60458333333334,35.12231666666666,789.1666666666666,9.495277777777778,10.103333333333333,43.861111111111114,11.847222222222221,47.25,18.49751736111111,736.0243055555555,30.819444444444443,36.72222222222222,Satisfactory,alandur
2021-09-15,20.392083333333332,59.36388888888889,33.39846111111111,825.5555555555555,9.00138888888889,18.293055555555554,41.708333333333336,11.180555555555555,48.388888888888886,18.62991898148148,814.3402777777778,30.98611111111111,40.638888888888886,Satisfactory,alandur
2021-09-16,22.647638888888892,59.63430555555556,35.74271666666667,918.8888888888889,10.568611111111112,19.7425,44.65277777777778,13.13888888888889,53.708333333333336,22.27355324074074,925.0,37.15277777777778,46.25,Satisfactory,alandur
2021-09-17,27.811666666666667,67.98430555555555,34.27031111111111,796.9444444444445,9.83222222222222,17.70125,42.736111111111114,12.23611111111111,51.638888888888886,24.969369212962963,807.65625,41.59722222222222,40.34722222222222,Satisfactory,alandur
2021-09-18,22.80027777777778,59.69097222222222,35.54218333333333,864.1666666666666,8.230833333333333,16.092361111111114,44.416666666666664,10.319444444444445,53.34722222222222,25.38233796296296,847.6388888888889,42.361111111111114,42.40277777777778,Satisfactory,alandur
2021-09-19,22.469444444444445,57.56625,33.062672222222226,866.8055555555555,7.259027777777778,18.473333333333333,41.22222222222222,9.11111111111111,51.013888888888886,23.20133101851852,875.1736111111111,38.666666666666664,43.666666666666664,Satisfactory,alandur
2021-09-20,18.19847222222222,53.269305555555555,34.6014,936.9444444444445,8.4275,17.88138888888889,43.166666666666664,10.569444444444445,53.041666666666664,20.003940972222225,920.7291666666666,33.375,45.93055555555556,Satisfactory,alandur
2021-09-21,17.50916666666667,54.41416666666667,35.48656666666667,853.6111111111111,9.797777777777778,15.631388888888889,44.375,12.26388888888889,50.638888888888886,17.985162037037036,850.1215277777778,30.01388888888889,42.513888888888886,Satisfactory,alandur
2021-09-22,16.26097222222222,47.97277777777778,32.834983333333334,864.3055555555555,14.681249999999999,20.735833333333332,40.958333333333336,17.0,53.30555555555556,17.578350694444442,877.0486111111111,29.333333333333332,43.861111111111114,Satisfactory,alandur
2021-09-23,23.83555555555556,63.61055555555556,34.82830555555555,978.1944444444445,9.988194444444444,11.394444444444444,43.47222222222222,12.51388888888889,55.77777777777778,19.916128472222223,976.1111111111111,33.125,48.791666666666664,Satisfactory,alandur
2021-09-24,24.13,64.52569444444445,34.7001,834.0277777777778,11.081805555555555,12.769444444444444,43.30555555555556,13.833333333333334,51.22222222222222,24.296956018518518,853.4201388888889,40.59722222222222,42.68055555555556,Satisfactory,alandur
2021-09-25,24.576527777777777,61.65222222222222,35.30039444444444,845.9722222222222,10.721666666666668,11.495833333333334,44.041666666666664,13.347222222222221,50.09722222222222,23.052233796296296,832.4479166666666,38.47222222222222,41.59722222222222,Satisfactory,alandur
2021-09-26,17.458055555555557,47.03,34.5732,873.6111111111111,9.227222222222222,7.140833333333333,43.166666666666664,11.430555555555555,49.97222222222222,22.347314814814816,848.6805555555555,37.30555555555556,42.43055555555556,Satisfactory,alandur
2021-09-27,20.851527777777775,50.81125,36.2934,940.6944444444445,9.335555555555555,10.611805555555556,45.333333333333336,11.680555555555555,55.19444444444444,19.260063657407407,951.09375,32.09722222222222,47.5,Satisfactory,alandur
2021-09-28,19.310138888888886,59.34722222222222,34.40034444444444,770.9722222222222,8.96513888888889,9.501666666666667,42.93055555555556,11.13888888888889,49.43055555555556,19.17685185185185,773.9756944444445,31.944444444444443,38.638888888888886,Satisfactory,alandur
2021-09-29,25.14263888888889,69.56375,34.12931111111111,797.7777777777778,10.199166666666667,16.069166666666668,42.638888888888886,12.694444444444445,48.0,22.723234953703706,815.2951388888889,37.833333333333336,40.69444444444444,Good,alandur
2021-09-30,25.85763888888889,68.1248611111111,32.81670555555556,890.4166666666666,11.518472222222222,17.137361111111108,40.986111111111114,14.305555555555555,53.125,26.48159722222222,885.6076388888889,44.09722222222222,44.333333333333336,Satisfactory,alandur
2021-10-01,19.064861111111114,55.06055555555556,33.86167222222222,720.0,9.129583333333334,9.945277777777779,42.291666666666664,10.75,49.333333333333336,23.103784722222223,747.1527777777778,38.541666666666664,37.34722222222222,Good,alandur
2021-10-02,11.515833333333333,35.79680555555555,33.265816666666666,711.5277777777778,9.595833333333333,4.754444444444444,41.56944444444444,11.180555555555555,46.09722222222222,14.07958912037037,705.8854166666666,23.458333333333332,35.18055555555556,Good,alandur
2021-10-03,8.895972222222222,33.43083333333333,34.16090555555556,741.3888888888889,5.9191666666666665,3.725833333333333,42.638888888888886,7.541666666666667,45.94444444444444,9.829890046296295,738.9583333333334,16.36111111111111,36.861111111111114,Good,alandur
2021-10-04,13.164861111111112,42.84486111111111,34.16142777777778,816.3888888888889,6.916805555555555,3.03875,42.708333333333336,8.75,46.736111111111114,11.441672453703704,792.8645833333334,19.09722222222222,39.611111111111114,Good,alandur
2021-10-05,11.271388888888888,38.85986111111111,34.82830555555555,809.7222222222222,11.477083333333333,2.794861111111111,43.5,12.73611111111111,50.986111111111114,12.428431712962963,810.6770833333334,20.65277777777778,40.541666666666664,Good,alandur
2021-10-06,20.29486111111111,45.95055555555555,33.12116111111111,894.7222222222222,9.516666666666667,5.388333333333333,41.34722222222222,11.86111111111111,51.0,13.548865740740741,880.3993055555555,22.569444444444443,43.94444444444444,Satisfactory,alandur
2021-10-07,21.12152777777778,47.5225,33.44232777777778,872.7777777777778,9.183472222222223,9.485,41.80555555555556,11.51388888888889,51.083333333333336,22.263049768518517,873.6458333333334,37.05555555555556,43.72222222222222,Satisfactory,alandur
2021-10-08,21.404027777777777,52.17722222222223,31.438038888888887,991.8055555555555,9.242083333333333,13.284444444444444,39.263888888888886,11.541666666666666,53.236111111111114,19.422060185185185,954.7569444444445,32.361111111111114,47.416666666666664,Satisfactory,alandur
2021-10-09,19.762500000000003,47.380833333333335,30.882394444444444,882.9166666666666,9.120138888888889,18.915277777777778,38.55555555555556,11.36111111111111,49.56944444444444,22.347303240740743,912.6215277777778,37.27777777777778,45.361111111111114,Good,alandur
2021-10-10,21.892916666666665,50.925,29.571355555555556,912.7777777777778,11.23375,19.91097222222222,36.986111111111114,14.027777777777779,50.15277777777778,21.09142361111111,915.7118055555555,35.125,45.875,Good,alandur
2021-10-11,29.676388888888887,63.14875,31.669644444444444,799.4444444444445,11.690277777777778,22.49180555555556,39.583333333333336,14.680555555555555,48.22222222222222,23.90391203703704,821.1458333333334,39.875,41.06944444444444,Good,alandur
2021-10-12,23.28527777777778,53.39208333333333,30.99545555555555,889.7222222222222,9.20861111111111,26.501944444444447,38.77777777777778,11.5,51.486111111111114,27.99564236111111,869.7395833333334,46.69444444444444,43.638888888888886,Good,alandur
2021-10-13,14.68375,41.60347222222222,31.890544444444444,812.6388888888889,9.95375,28.960416666666667,39.916666666666664,12.319444444444445,48.77777777777778,19.803668981481483,828.1076388888889,32.916666666666664,41.59722222222222,Good,alandur
2021-10-14,16.020833333333332,43.96513888888889,32.38952777777778,914.0277777777778,9.475416666666668,30.038611111111113,40.583333333333336,11.61111111111111,49.90277777777778,14.673732638888888,917.8298611111111,24.444444444444443,46.236111111111114,Good,alandur
2021-10-15,15.376666666666669,44.47138888888889,32.007,925.5555555555555,9.743888888888888,29.29861111111111,40.138888888888886,11.972222222222221,49.875,15.740532407407407,918.0208333333334,26.26388888888889,46.208333333333336,Good,alandur
2021-10-16,13.788333333333334,43.35208333333333,31.803333333333335,919.8611111111111,9.22375,27.185138888888886,39.84722222222222,11.333333333333334,50.22222222222222,14.617395833333335,925.0173611111111,24.40277777777778,46.55555555555556,Good,alandur
2021-10-17,15.084027777777777,45.590555555555554,32.67283333333333,910.9722222222222,7.989166666666667,28.433888888888887,40.916666666666664,9.86111111111111,49.888888888888886,14.031857638888889,908.8194444444445,23.40277777777778,45.791666666666664,Good,alandur
2021-10-18,25.672916666666666,50.15486111111111,31.04767777777778,976.8055555555555,9.447916666666666,22.164166666666667,38.90277777777778,11.76388888888889,50.80555555555556,19.43531828703704,933.4201388888889,32.333333333333336,46.888888888888886,Good,alandur
2021-10-19,35.003611111111105,66.06777777777778,30.219955555555558,785.4166666666666,11.444027777777778,25.00263888888889,37.833333333333336,14.291666666666666,58.111111111111114,29.984560185185185,826.09375,49.94444444444444,41.30555555555556,Good,alandur
2021-10-20,32.76916666666667,72.66083333333333,28.076755555555554,906.9444444444445,8.746805555555556,23.179444444444446,35.138888888888886,10.875,62.94444444444444,36.5124537037037,878.9236111111111,60.90277777777778,43.958333333333336,Satisfactory,alandur
2021-10-21,28.92736111111111,68.08597222222221,31.42002222222222,761.6666666666666,8.594722222222224,20.42652777777778,39.40277777777778,10.694444444444445,54.59722222222222,30.85994212962963,814.2013888888889,51.5,40.65277777777778,Satisfactory,alandur
2021-10-22,19.555,49.31055555555556,33.664794444444446,777.3611111111111,8.93625,15.184583333333332,42.15277777777778,11.180555555555555,45.986111111111114,23.423912037037034,761.9270833333334,39.111111111111114,38.06944444444444,Good,alandur
2021-10-23,19.193333333333335,46.39166666666667,32.3125,762.2222222222222,10.270833333333334,13.554583333333333,40.34722222222222,12.88888888888889,44.18055555555556,19.174884259259258,751.1458333333334,32.013888888888886,37.513888888888886,Good,alandur
2021-10-24,21.645972222222223,51.27041666666666,31.418455555555553,795.5555555555555,8.072222222222223,15.431805555555554,39.27777777777778,10.13888888888889,50.25,21.22300347222222,797.6041666666666,35.375,39.90277777777778,Good,alandur
2021-10-25,29.641527777777778,69.815,30.40116666666667,786.1111111111111,7.984444444444445,18.884027777777778,38.02777777777778,10.01388888888889,46.06944444444444,23.652042824074073,796.9791666666666,39.361111111111114,39.77777777777778,Good,alandur
2021-10-26,43.43291666666667,92.935,31.219488888888886,795.1388888888889,8.969027777777777,24.89138888888889,39.05555555555556,11.23611111111111,64.375,38.06041666666667,790.5034722222222,63.458333333333336,39.458333333333336,Satisfactory,alandur
2021-10-27,44.187638888888884,101.16597222222222,31.351872222222223,807.6388888888889,10.03263888888889,26.33152777777778,39.18055555555556,12.569444444444445,75.73611111111111,45.21971064814815,797.5173611111111,75.73611111111111,39.763888888888886,Satisfactory,alandur
2021-10-28,39.142222222222216,88.97805555555556,37.351422222222226,867.7777777777778,11.230972222222222,29.45513888888889,46.083333333333336,14.097222222222221,72.72222222222223,40.93974537037037,870.2777777777778,68.27777777777777,43.416666666666664,Satisfactory,alandur
2021-10-29,31.99388888888889,69.03236111111111,37.68512222222222,808.3333333333334,10.646527777777777,12.808333333333332,47.0,13.222222222222221,63.083333333333336,36.69498842592592,819.2013888888889,61.166666666666664,41.02777777777778,Satisfactory,alandur
2021-10-30,18.245416666666667,60.459166666666675,34.705061111111114,850.2777777777778,9.585972222222223,12.1175,43.333333333333336,11.88888888888889,56.22222222222222,22.700202546296296,833.9583333333334,37.861111111111114,41.666666666666664,Satisfactory,alandur
2021-10-31,15.973749999999999,45.4925,35.95265,908.6111111111111,10.359166666666667,7.848055555555555,44.90277777777778,13.055555555555555,57.625,18.648153935185185,920.1736111111111,31.041666666666668,45.958333333333336,Satisfactory,alandur
2021-11-01,10.140694444444444,33.69305555555556,38.869261111111115,835.4166666666666,12.807222222222222,13.094166666666666,48.56944444444444,16.0,55.94444444444444,11.981458333333332,846.6319444444445,19.944444444444443,42.34722222222222,Satisfactory,alandur
2021-11-02,14.769305555555556,31.97291666666667,35.14895,872.2222222222222,16.092361111111114,12.82763888888889,43.791666666666664,20.11111111111111,51.916666666666664,12.044467592592591,862.4826388888889,20.02777777777778,43.18055555555556,Good,alandur
2021-11-03,23.529861111111114,43.97347222222223,37.86346111111111,871.3888888888889,11.820555555555556,9.634305555555555,47.30555555555556,14.73611111111111,53.55555555555556,16.490474537037034,819.1145833333334,27.47222222222222,41.0,Good,alandur
2021-11-04,83.49402777777777,119.03666666666666,54.44297222222222,1340.4166666666667,25.60763888888889,9.083472222222222,65.84722222222223,31.75,85.91666666666667,34.680625,1153.1770833333333,64.19444444444444,56.125,Satisfactory,alandur
2021-11-05,35.874722222222225,56.68444444444444,65.58118888888889,1303.4722222222222,23.99513888888889,8.387777777777778,81.36111111111111,29.930555555555557,191.51388888888889,86.5405787037037,1510.2083333333333,182.88888888888889,65.88888888888889,Satisfactory,alandur
2021-11-06,16.74388888888889,36.622083333333336,61.54388888888889,993.6111111111111,13.362083333333334,7.478333333333334,76.01388888888889,16.680555555555557,77.98611111111111,21.670243055555556,1001.2673611111111,36.111111111111114,50.02777777777778,Satisfactory,alandur
2021-11-07,16.791527777777777,32.410555555555554,66.42666666666668,977.0833333333334,12.703888888888889,15.510972222222222,81.72222222222223,15.88888888888889,84.05555555555556,15.716238425925926,960.1909722222222,26.208333333333332,47.97222222222222,Satisfactory,alandur
2021-11-08,27.78388888888889,62.46763888888889,56.680955555555556,1114.0277777777778,9.560972222222222,13.841666666666667,69.875,11.902777777777779,77.93055555555556,25.090561342592594,1126.701388888889,41.861111111111114,56.388888888888886,Satisfactory,alandur
2021-11-09,20.823888888888888,46.98041666666667,41.31247777777778,1025.4166666666667,5.688194444444445,17.948055555555555,51.625,7.138888888888889,62.486111111111114,21.707974537037035,1026.9965277777778,36.22222222222222,51.31944444444444,Satisfactory,alandur
2021-11-10,22.58652777777778,37.70805555555555,42.1449,784.7222222222222,10.447083333333333,24.4825,52.625,12.98611111111111,59.93055555555556,22.146521990740737,816.9791666666666,36.916666666666664,40.84722222222222,Satisfactory,alandur
2021-11-11,23.133333333333336,39.202777777777776,46.22058333333333,860.9722222222222,12.317361111111111,29.029861111111114,54.25,15.347222222222221,72.48611111111111,22.623084490740737,876.5451388888889,37.72222222222222,43.833333333333336,Satisfactory,alandur
2021-11-12,13.429861111111112,27.174305555555556,38.31048333333334,915.8333333333334,17.966805555555553,13.702916666666667,47.958333333333336,22.36111111111111,58.93055555555556,18.71027199074074,866.40625,31.15277777777778,43.31944444444444,Satisfactory,alandur
2021-11-13,17.65902777777778,32.62416666666667,40.77354444444445,1016.3888888888889,20.556666666666665,14.854583333333332,51.0,25.569444444444443,63.611111111111114,15.08954861111111,969.9131944444445,25.22222222222222,48.47222222222222,Satisfactory,alandur
2021-11-14,16.65513888888889,29.655277777777776,37.87625555555556,1159.1666666666667,27.126666666666665,9.42263888888889,47.375,32.166666666666664,72.16666666666667,17.99745949074074,1161.09375,29.958333333333332,57.708333333333336,Satisfactory,alandur
2021-11-15,14.96388888888889,27.644027777777776,37.74700555555555,1014.1666666666666,20.424444444444443,13.752777777777778,47.208333333333336,25.541666666666668,63.583333333333336,15.347864583333335,1007.7083333333334,25.5,50.375,Satisfactory,alandur
2021-11-16,14.925833333333335,40.638333333333335,38.780744444444444,861.1111111111111,17.05986111111111,15.26388888888889,48.5,21.194444444444443,61.736111111111114,15.573547453703704,966.0416666666666,26.0,48.27777777777778,Satisfactory,alandur
2021-11-17,12.885416666666666,24.540972222222223,36.75295555555555,815.8333333333334,10.129166666666666,10.690972222222221,45.958333333333336,12.569444444444445,51.22222222222222,13.27572337962963,799.0277777777778,22.13888888888889,39.986111111111114,Satisfactory,alandur
2021-11-18,8.903472222222222,20.929166666666667,43.04938888888889,837.3611111111111,8.867083333333333,13.771666666666667,53.791666666666664,11.041666666666666,58.486111111111114,10.831707175925926,852.9861111111111,18.083333333333332,42.65277777777778,Satisfactory,alandur
2021-11-19,9.744722222222222,20.573333333333334,37.77076666666667,899.7222222222222,9.139305555555556,13.266805555555557,47.25,11.402777777777779,53.02777777777778,8.594149305555554,887.8125,14.277777777777779,44.43055555555556,Satisfactory,alandur
2021-11-20,11.832638888888889,22.939861111111114,39.84477222222222,859.5833333333334,9.498888888888889,12.895277777777778,49.791666666666664,11.833333333333334,54.041666666666664,11.444155092592592,824.3923611111111,19.083333333333332,41.236111111111114,Satisfactory,alandur
2021-11-21,12.12375,22.05138888888889,40.934127777777775,859.8611111111111,10.047777777777778,19.78125,51.236111111111114,12.583333333333334,56.30555555555556,12.417662037037038,899.7569444444445,20.666666666666668,45.0,Satisfactory,alandur
2021-11-22,13.363333333333333,25.818194444444444,39.21810555555555,835.9722222222222,10.16763888888889,14.437777777777777,49.09722222222222,12.666666666666666,52.55555555555556,12.044693287037038,801.9444444444445,20.09722222222222,40.125,Satisfactory,alandur
2021-11-23,14.943055555555556,35.06472222222222,35.001422222222224,964.1666666666666,11.015972222222222,9.865138888888888,43.72222222222222,13.75,54.583333333333336,14.673339120370372,959.1145833333334,24.416666666666668,47.97222222222222,Satisfactory,alandur
2021-11-24,16.296666666666667,89.36444444444444,39.54449444444444,813.75,10.705,14.114583333333334,49.43055555555556,13.277777777777779,52.013888888888886,15.01162037037037,841.8923611111111,25.09722222222222,42.15277777777778,Satisfactory,alandur
2021-11-25,17.660833333333333,40.206805555555555,37.04305,799.1666666666666,9.020833333333334,16.324166666666667,46.263888888888886,11.26388888888889,49.40277777777778,17.546105324074077,819.9652777777778,29.23611111111111,40.90277777777778,Satisfactory,alandur
2021-11-26,13.510555555555555,29.614305555555557,29.710005555555554,684.7222222222222,9.182916666666666,35.90083333333334,37.083333333333336,11.430555555555555,49.791666666666664,15.622633101851854,671.8923611111111,26.055555555555557,33.611111111111114,Satisfactory,alandur
2021-11-27,11.220694444444444,28.970833333333335,47.21254444444444,539.4444444444445,8.310694444444444,36.20861111111111,59.0,10.291666666666666,63.125,12.490515046296297,565.7291666666666,20.84722222222222,28.25,Satisfactory,alandur
2021-11-28,10.505833333333333,24.882083333333334,56.5316,564.4444444444445,10.985277777777776,31.55847222222222,70.5,13.694444444444445,70.55555555555556,9.989184027777778,562.8125,16.63888888888889,28.166666666666668,Satisfactory,alandur
2021-11-29,14.916805555555555,27.982777777777777,46.977022222222224,607.7777777777778,14.751666666666665,34.27180555555556,58.77777777777778,18.5,62.888888888888886,13.200925925925926,569.5659722222222,22.01388888888889,28.47222222222222,Satisfactory,alandur
2021-11-30,21.480694444444442,32.52583333333334,42.695322222222224,562.7777777777778,15.323194444444445,32.80722222222222,53.333333333333336,19.22222222222222,54.166666666666664,19.15480324074074,624.4097222222222,32.0,31.194444444444443,Satisfactory,alandur
2021-12-01,27.936805555555555,43.526805555555555,45.6088,720.9722222222222,13.63875,18.952638888888888,56.708333333333336,17.15277777777778,61.986111111111114,22.775422453703705,699.6875,37.958333333333336,35.041666666666664,Satisfactory,alandur
2021-12-02,37.70527777777778,48.79694444444445,46.33390555555556,578.1944444444445,13.32763888888889,30.004305555555554,57.81944444444444,16.72222222222222,79.70833333333333,38.36074652777778,563.4548611111111,69.52777777777777,28.13888888888889,Satisfactory,alandur
2021-12-03,41.025,48.57597222222223,44.95863333333333,662.7777777777778,13.447361111111112,24.88388888888889,56.208333333333336,16.90277777777778,68.66666666666667,35.5090162037037,671.5277777777778,60.59722222222222,33.583333333333336,Satisfactory,alandur
2021-12-04,39.18388888888889,48.76819444444445,45.54900555555556,613.6111111111111,13.996111111111112,37.56,56.94444444444444,17.555555555555557,82.84722222222223,39.324496527777775,600.5381944444445,72.54166666666667,30.0,Satisfactory,alandur
2021-12-05,43.82861111111111,55.53736111111111,48.47292777777778,664.5833333333334,18.177777777777777,25.492222222222225,60.541666666666664,22.75,91.25,42.28490162037037,684.8958333333334,80.34722222222223,34.19444444444444,Satisfactory,alandur
2021-12-06,42.47375,102.00305555555556,41.35321111111111,587.9166666666666,15.725972222222222,18.14388888888889,51.666666666666664,19.694444444444443,93.51388888888889,44.38570601851851,567.7951388888889,86.84722222222223,28.34722222222222,Satisfactory,alandur
2021-12-07,39.43958333333333,53.124027777777776,45.88636111111111,720.5555555555555,14.017222222222223,14.645833333333334,57.22222222222222,17.583333333333332,76.16666666666667,38.782800925925926,687.8993055555555,68.06944444444444,34.388888888888886,Satisfactory,alandur
2021-12-08,26.644722222222224,40.66875,45.11477777777778,711.25,12.533888888888889,13.750555555555556,56.375,15.805555555555555,70.65277777777777,34.19879050925926,771.6493055555555,59.59722222222222,38.625,Satisfactory,alandur
2021-12-09,17.375833333333333,31.860972222222227,45.19232777777778,648.0555555555555,12.18888888888889,18.87402777777778,56.40277777777778,15.458333333333334,56.43055555555556,21.292297453703704,637.2222222222222,35.361111111111114,32.02777777777778,Satisfactory,alandur
2021-12-10,18.355,33.49305555555556,45.19676666666666,657.3611111111111,11.99125,16.496388888888887,56.44444444444444,15.166666666666666,56.513888888888886,17.75097222222222,653.5590277777778,29.51388888888889,32.75,Satisfactory,alandur
2021-12-11,15.584027777777777,28.881666666666668,43.01022222222222,635.5555555555555,12.861666666666666,15.16513888888889,53.77777777777778,16.11111111111111,54.041666666666664,16.91021990740741,620.6944444444445,28.125,31.083333333333332,Satisfactory,alandur
2021-12-12,13.588472222222222,30.436527777777776,42.001549999999995,661.5277777777778,12.051527777777778,19.5075,52.416666666666664,15.097222222222221,53.65277777777778,14.895758101851852,675.2083333333334,24.819444444444443,33.77777777777778,Satisfactory,alandur
2021-12-13,18.14263888888889,35.035138888888895,42.131322222222224,621.9444444444445,12.73125,20.660694444444445,52.611111111111114,15.958333333333334,53.75,15.24916087962963,637.7951388888889,25.430555555555557,31.875,Satisfactory,alandur
2021-12-14,20.173194444444444,39.79,41.99737222222222,605.1388888888889,12.847222222222221,35.00972222222222,52.486111111111114,16.11111111111111,53.09722222222222,19.649878472222223,581.71875,32.75,29.125,Satisfactory,alandur
2021-12-15,22.896944444444443,52.07930555555556,45.978794444444446,749.7222222222222,12.931666666666667,40.97208333333333,57.513888888888886,16.180555555555557,58.34722222222222,21.165509259259256,734.2708333333334,35.138888888888886,36.708333333333336,Satisfactory,alandur
2021-12-16,29.424861111111113,61.53555555555556,47.70082222222222,740.4166666666666,13.39625,40.60347222222222,59.56944444444444,16.791666666666668,63.90277777777778,26.021689814814817,747.4826388888889,43.388888888888886,37.375,Satisfactory,alandur
2021-12-17,30.78111111111111,62.170277777777784,49.774566666666665,705.8333333333334,14.314722222222223,38.5425,62.22222222222222,17.916666666666668,70.13888888888889,29.01619791666667,714.4965277777778,48.375,35.736111111111114,Satisfactory,alandur
2021-12-18,53.65958333333333,61.5951388888889,44.00427222222223,714.8611111111111,14.429583333333333,34.48555555555556,54.97222222222222,18.09722222222222,84.23611111111111,46.551001157407406,709.84375,79.77777777777777,35.513888888888886,Satisfactory,alandur
2021-12-19,39.49138888888889,57.510416666666664,48.033477777777776,664.0277777777778,16.166944444444443,31.39986111111111,60.013888888888886,20.305555555555557,83.38888888888889,45.06853587962963,662.2222222222222,79.23611111111111,33.083333333333336,Satisfactory,alandur
2021-12-20,44.67944444444444,66.99888888888889,50.2054,796.3888888888889,15.674444444444443,27.677777777777777,62.59722222222222,19.666666666666668,73.15277777777777,40.003807870370366,762.6736111111111,66.72222222222223,38.138888888888886,Satisfactory,alandur
2021-12-21,45.975972222222225,68.61430555555556,50.11087777777777,732.9166666666666,18.265694444444446,39.94013888888889,62.19444444444444,22.944444444444443,93.38888888888889,48.62681712962963,746.7708333333334,86.75,37.31944444444444,Satisfactory,alandur
2021-12-22,39.017916666666665,71.63694444444444,56.42924444444444,850.8333333333334,19.865694444444443,47.17819444444444,68.68055555555556,24.916666666666668,89.05555555555556,41.21633101851852,805.8159722222222,69.84722222222223,40.263888888888886,Satisfactory,alandur
2021-12-23,29.991111111111113,67.33916666666667,51.85614444444444,814.4444444444445,22.328333333333333,45.92638888888889,64.48611111111111,28.0,78.81944444444444,35.15564236111111,878.5590277777778,58.986111111111114,43.958333333333336,Satisfactory,alandur
2021-12-24,32.81666666666667,67.18722222222222,40.306155555555556,820.8333333333334,20.22513888888889,29.196527777777778,50.31944444444444,25.333333333333332,61.638888888888886,28.14837962962963,798.0034722222222,46.888888888888886,39.875,Satisfactory,alandur
2021-12-25,34.55791666666667,68.04916666666666,52.8515,736.6666666666666,21.586666666666666,28.887777777777778,65.04166666666667,27.041666666666668,77.13888888888889,36.94586226851852,781.4409722222222,61.513888888888886,39.05555555555556,Satisfactory,alandur
2021-12-26,33.56805555555556,66.00027777777778,50.585055555555556,769.4444444444445,20.42736111111111,24.599305555555556,62.763888888888886,25.569444444444443,73.70833333333333,33.50522569444444,739.3402777777778,55.861111111111114,36.916666666666664,Satisfactory,alandur
2021-12-27,32.504444444444445,61.94472222222222,52.44338333333334,684.7222222222222,20.544722222222223,22.83652777777778,64.93055555555556,25.77777777777778,77.48611111111111,33.63840856481481,696.6840277777778,56.09722222222222,34.763888888888886,Satisfactory,alandur
2021-12-28,30.620277777777776,52.37291666666667,49.43355555555556,710.1388888888889,18.779027777777777,21.423055555555557,61.583333333333336,23.569444444444443,69.26388888888889,30.263836805555556,713.9583333333334,50.44444444444444,35.72222222222222,Satisfactory,alandur
2021-12-29,26.47611111111111,51.59430555555556,44.03221111111111,723.3333333333334,20.541527777777777,22.780694444444446,54.93055555555556,25.73611111111111,63.18055555555556,29.783917824074074,732.7430555555555,49.583333333333336,36.583333333333336,Satisfactory,alandur
2021-12-30,30.794999999999998,56.89875,42.17362222222222,616.3888888888889,20.110277777777778,33.61569444444444,52.763888888888886,25.208333333333332,60.736111111111114,26.632152777777776,609.6701388888889,44.333333333333336,30.430555555555557,Satisfactory,alandur
2021-12-31,30.387916666666666,51.57833333333333,87.82341666666667,1023.3333333333334,25.850833333333334,51.01763888888889,102.06944444444444,29.63888888888889,104.09722222222223,30.511788194444446,980.0173611111111,50.861111111111114,48.958333333333336,Satisfactory,alandur
2022-01-01,20.55736111111111,41.36430555555555,60.41223333333333,1078.3333333333333,21.45763888888889,31.113888888888887,75.01388888888889,26.84722222222222,76.25,25.61296875,1100.2083333333333,42.75,52.43055555555556,Satisfactory,alandur
2022-01-02,21.294722222222223,44.085972222222225,61.05561111111111,1006.6666666666666,27.300416666666663,28.45069444444444,75.0,34.19444444444444,76.45833333333333,20.87146412037037,1003.7152777777778,34.791666666666664,50.166666666666664,Satisfactory,alandur
2022-01-03,30.290000000000003,59.2825,45.49495555555555,1080.6944444444443,28.61555555555556,29.560694444444444,56.833333333333336,35.763888888888886,68.79166666666667,25.603819444444444,1031.5104166666667,42.708333333333336,51.611111111111114,Satisfactory,alandur
2022-01-04,31.861944444444443,63.05361111111111,34.39512222222223,931.3888888888889,23.762083333333333,32.39486111111111,43.0,29.819444444444443,58.44444444444444,32.04162615740741,959.53125,53.40277777777778,47.94444444444444,Satisfactory,alandur
2022-01-05,28.787916666666668,57.13527777777777,35.712427777777776,1005.9722222222222,27.38763888888889,19.98111111111111,44.65277777777778,34.30555555555556,59.208333333333336,30.719618055555557,993.4027777777778,51.18055555555556,49.69444444444444,Satisfactory,alandur
2022-01-06,24.27875,52.12361111111111,33.310205555555555,937.0833333333334,33.75055555555556,15.932500000000001,41.611111111111114,42.236111111111114,56.986111111111114,26.570787037037036,971.6666666666666,44.291666666666664,48.638888888888886,Satisfactory,alandur
2022-01-07,19.388472222222223,43.15361111111111,28.905783333333332,954.8611111111111,26.750555555555554,13.588611111111112,36.125,33.47222222222222,54.791666666666664,21.91626736111111,953.5243055555555,36.55555555555556,47.69444444444444,Satisfactory,alandur
2022-01-08,16.570416666666667,37.00541666666666,34.17265555555556,867.7777777777778,20.532638888888886,13.554027777777778,42.69444444444444,25.75,53.791666666666664,16.94980902777778,882.8125,28.27777777777778,44.166666666666664,Satisfactory,alandur
2022-01-09,18.290694444444444,35.393055555555556,27.05137222222222,948.6111111111111,18.576944444444443,14.00236111111111,33.736111111111114,23.25,54.05555555555556,17.914739583333333,898.5243055555555,29.88888888888889,44.875,Satisfactory,alandur
2022-01-10,19.865,39.43416666666667,30.288888888888884,977.9166666666666,21.322083333333335,12.984583333333333,37.77777777777778,26.65277777777778,56.47222222222222,19.052835648148147,989.7395833333334,31.72222222222222,49.47222222222222,Satisfactory,alandur
2022-01-11,17.320833333333333,35.3675,32.01953333333333,968.0555555555555,21.70763888888889,8.309305555555556,39.861111111111114,27.13888888888889,57.486111111111114,18.41623263888889,982.5868055555555,30.708333333333332,49.09722222222222,Satisfactory,alandur
2022-01-12,16.855,33.235972222222216,30.40691111111111,920.5555555555555,21.05013888888889,8.149305555555555,37.97222222222222,26.27777777777778,54.25,17.029554398148147,929.1840277777778,28.375,46.43055555555556,Satisfactory,alandur
2022-01-13,22.82,44.2825,28.316455555555553,982.6388888888889,21.109722222222224,10.674166666666666,35.361111111111114,26.319444444444443,53.541666666666664,21.090243055555554,976.1805555555555,35.125,48.833333333333336,Satisfactory,alandur
2022-01-14,13.415972222222223,30.37986111111111,26.962333333333333,866.6666666666666,19.904444444444444,10.774583333333332,33.75,24.875,48.708333333333336,16.492060185185185,863.0208333333334,27.52777777777778,43.15277777777778,Satisfactory,alandur
2022-01-15,12.785555555555554,28.412222222222223,27.208038888888886,959.5833333333334,18.783611111111114,8.567361111111111,34.02777777777778,23.5,51.513888888888886,13.074722222222222,913.1770833333334,21.73611111111111,45.666666666666664,Satisfactory,alandur
2022-01-16,11.366388888888888,26.261666666666667,25.34448888888889,1063.4722222222222,15.060972222222224,12.915555555555555,31.72222222222222,18.75,61.5,12.216475694444444,1113.107638888889,20.34722222222222,55.638888888888886,Satisfactory,alandur
2022-01-17,16.0475,32.54611111111112,30.38236666666667,970.8333333333334,15.342777777777778,14.21638888888889,37.94444444444444,19.125,54.31944444444444,12.995324074074073,936.7534722222222,21.666666666666668,46.84722222222222,Satisfactory,alandur
2022-01-18,22.634722222222223,44.385,34.699838888888884,894.8611111111111,16.41375,18.295555555555556,43.236111111111114,20.48611111111111,58.27777777777778,19.570925925925923,941.8576388888889,32.65277777777778,47.041666666666664,Satisfactory,alandur
2022-01-19,32.00069444444445,61.47597222222222,35.12179444444445,845.2777777777778,18.544583333333335,25.79416666666667,43.93055555555556,23.083333333333332,56.30555555555556,27.732690972222223,836.9618055555555,46.19444444444444,41.81944444444444,Satisfactory,alandur
2022-01-20,31.545833333333334,60.82694444444444,34.27814444444444,962.6388888888889,19.552916666666665,38.49,42.861111111111114,24.333333333333332,61.59722222222222,32.48122106481482,986.875,54.125,48.958333333333336,Satisfactory,alandur
2022-01-21,31.811944444444446,69.05027777777778,32.37725555555556,974.0277777777778,18.94388888888889,33.18083333333333,40.44444444444444,23.59722222222222,61.361111111111114,32.206886574074076,914.53125,53.666666666666664,45.56944444444444,Satisfactory,alandur
2022-01-22,32.4725,58.5998611111111,29.050961111111107,1073.0555555555557,17.265833333333333,36.282222222222224,36.291666666666664,21.444444444444443,61.02777777777778,30.40096064814815,1064.1840277777778,50.736111111111114,53.138888888888886,Satisfactory,alandur
2022-01-23,25.8825,47.825833333333335,24.906605555555554,947.7777777777778,16.3025,34.56736111111111,31.23611111111111,20.291666666666668,58.388888888888886,29.947997685185182,956.8229166666666,49.916666666666664,47.763888888888886,Satisfactory,alandur
2022-01-24,22.727083333333333,46.35013888888889,31.657372222222218,1043.1944444444443,18.32611111111111,22.52236111111111,39.611111111111114,22.833333333333332,56.666666666666664,23.622216435185187,1007.7256944444445,39.291666666666664,50.40277777777778,Satisfactory,alandur
2022-01-25,22.622083333333332,50.709583333333335,31.093894444444445,954.1666666666666,18.639583333333334,18.215694444444445,38.763888888888886,23.208333333333332,58.84722222222222,24.957673611111108,1029.6006944444443,41.52777777777778,51.486111111111114,Satisfactory,alandur
2022-01-26,18.257083333333334,38.33847222222222,29.535322222222224,1038.3333333333333,16.25125,18.355694444444442,36.93055555555556,20.25,55.236111111111114,18.935526620370368,999.0451388888889,31.59722222222222,49.93055555555556,Satisfactory,alandur
2022-01-27,18.050833333333333,39.12236111111111,29.730372222222222,1079.7222222222222,16.61777777777778,18.280833333333334,37.19444444444444,20.65277777777778,59.833333333333336,17.809612268518517,1103.298611111111,29.75,54.25,Satisfactory,alandur
2022-01-28,28.884583333333335,64.0675,32.07045,948.6111111111111,17.088472222222222,38.064861111111114,40.208333333333336,21.34722222222222,52.986111111111114,21.97747685185185,926.1111111111111,36.65277777777778,46.263888888888886,Satisfactory,alandur
2022-01-29,41.61847222222222,81.40222222222222,33.30263333333333,1050.138888888889,19.85,41.086388888888884,41.68055555555556,24.791666666666668,67.16666666666667,35.78377314814815,1052.2569444444443,60.833333333333336,52.65277777777778,Satisfactory,alandur
2022-01-30,41.78041666666667,82.75541666666668,37.616711111111115,891.3888888888889,17.199305555555554,39.63055555555556,47.138888888888886,21.51388888888889,83.98611111111111,43.091562499999995,921.7534722222222,79.54166666666667,46.06944444444444,Good,alandur
2022-01-31,43.83222222222222,84.23930555555556,37.74726666666666,906.9444444444445,23.458333333333332,34.07125,47.31944444444444,29.36111111111111,86.90277777777777,43.17109375,912.6041666666666,80.97222222222223,45.625,Good,alandur
2022-02-01,31.175555555555555,64.88,34.56536666666667,1048.4722222222222,24.66375,36.645694444444445,43.09722222222222,30.76388888888889,71.95833333333333,38.17931134259259,1030.8333333333333,66.29166666666667,51.43055555555556,Satisfactory,alandur
2022-02-02,27.928055555555556,56.98972222222223,33.926427777777775,966.1111111111111,23.050694444444446,25.49263888888889,42.458333333333336,28.805555555555557,59.333333333333336,29.807476851851852,987.6909722222222,49.75,49.361111111111114,Satisfactory,alandur
2022-02-03,23.2775,49.914027777777775,33.443894444444446,1005.2777777777778,19.28611111111111,24.579027777777778,41.75,24.055555555555557,56.083333333333336,25.115306712962962,969.3923611111111,41.81944444444444,48.486111111111114,Satisfactory,alandur
2022-02-04,20.49277777777778,45.795138888888886,30.722072222222224,911.5277777777778,15.984027777777776,27.810694444444444,38.40277777777778,20.0,55.40277777777778,20.79154513888889,959.9652777777778,34.666666666666664,48.013888888888886,Satisfactory,alandur
2022-02-05,21.711944444444445,45.66527777777778,29.821761111111112,1097.361111111111,14.942083333333333,25.132083333333334,37.236111111111114,18.65277777777778,57.875,20.678790509259258,1056.5104166666667,34.44444444444444,52.0,Satisfactory,alandur
2022-02-06,23.55333333333333,41.98777777777778,29.66587777777778,1164.3055555555557,13.144027777777778,31.123749999999998,36.97222222222222,16.36111111111111,61.31944444444444,22.691759259259257,1172.8645833333333,37.833333333333336,56.875,Satisfactory,alandur
2022-02-07,26.639722222222222,51.84875,32.83759444444444,1120.8333333333333,14.50527777777778,28.91347222222222,40.986111111111114,18.125,60.166666666666664,25.21054398148148,1118.8541666666667,42.013888888888886,53.55555555555556,Satisfactory,alandur
2022-02-08,30.057499999999997,59.251805555555556,33.30837777777778,872.3611111111111,14.95111111111111,43.65763888888889,41.59722222222222,18.65277777777778,57.083333333333336,28.877864583333334,873.6458333333334,48.083333333333336,43.72222222222222,Satisfactory,alandur
2022-02-09,26.468194444444446,48.67166666666667,31.49626666666667,993.3333333333334,15.25513888888889,52.08833333333334,39.263888888888886,19.02777777777778,58.138888888888886,28.62162615740741,994.7222222222222,47.763888888888886,49.763888888888886,Satisfactory,alandur
2022-02-10,33.17652777777778,65.75347222222223,34.69853333333333,1013.4722222222222,14.679305555555556,35.283611111111114,43.333333333333336,18.333333333333332,59.666666666666664,28.783721064814813,1008.4548611111111,47.958333333333336,50.458333333333336,Satisfactory,alandur
2022-02-11,23.106250000000003,49.70930555555556,28.648588888888884,882.2222222222222,13.211111111111112,32.18763888888889,35.763888888888886,16.541666666666668,54.68055555555556,29.768755787037037,891.6145833333334,49.611111111111114,44.56944444444444,Satisfactory,alandur
2022-02-12,25.201527777777777,57.61222222222222,33.254850000000005,884.0277777777778,11.561666666666666,76.18847222222222,41.43055555555556,14.347222222222221,53.80555555555556,22.085653935185185,901.4756944444445,36.861111111111114,45.138888888888886,Satisfactory,alandur
2022-02-13,28.73597222222222,56.08625,32.15766111111111,761.3888888888889,11.549583333333334,56.08472222222222,40.22222222222222,14.38888888888889,55.56944444444444,29.270844907407408,763.7152777777778,48.72222222222222,38.19444444444444,Satisfactory,alandur
2022-02-14,40.940694444444446,80.10291666666666,29.817322222222224,997.6388888888889,13.426388888888889,64.93388888888889,37.30555555555556,16.76388888888889,70.08333333333333,39.288148148148146,971.1284722222222,65.51388888888889,48.541666666666664,Satisfactory,alandur
2022-02-15,25.49597222222222,52.77930555555556,31.972011111111108,883.1944444444445,13.105416666666667,89.91777777777777,39.72222222222222,16.444444444444443,57.013888888888886,27.144791666666666,903.28125,45.208333333333336,45.138888888888886,Satisfactory,alandur
2022-02-16,30.142500000000002,57.51972222222222,32.308844444444446,1008.6111111111111,13.985694444444444,61.3525,40.375,17.48611111111111,59.361111111111114,29.812743055555554,987.8819444444445,49.69444444444444,49.291666666666664,Satisfactory,alandur
2022-02-17,27.799305555555556,59.60402777777777,33.40603333333333,806.3888888888889,12.995972222222223,64.25541666666668,41.75,16.291666666666668,55.93055555555556,27.69128472222222,827.8472222222222,46.138888888888886,41.361111111111114,Satisfactory,alandur
2022-02-18,23.53597222222222,49.47375,28.776011111111114,792.5,12.230694444444445,66.16736111111112,35.94444444444444,15.23611111111111,52.611111111111114,25.093425925925928,803.5416666666666,41.77777777777778,40.236111111111114,Satisfactory,alandur
2022-02-19,30.877361111111114,63.51611111111111,29.595899999999997,926.25,12.074583333333333,37.58777777777778,36.97222222222222,15.027777777777779,54.52777777777778,26.284583333333334,923.2118055555555,43.763888888888886,46.138888888888886,Satisfactory,alandur
2022-02-20,37.93763888888889,74.16416666666666,31.774872222222218,871.9444444444445,12.087499999999999,57.21138888888889,39.80555555555556,15.083333333333334,66.02777777777777,37.189103009259256,830.8159722222222,62.0,41.55555555555556,Satisfactory,alandur
2022-02-21,29.015555555555554,62.946527777777774,29.443149999999996,876.5277777777778,12.16625,75.85638888888889,36.80555555555556,15.083333333333334,61.541666666666664,33.82811921296296,924.8784722222222,56.31944444444444,46.25,Satisfactory,alandur
2022-02-22,24.817777777777778,53.81166666666667,27.902855555555554,955.2777777777778,12.867222222222223,63.6875,34.80555555555556,16.0,55.59722222222222,27.069537037037037,933.6111111111111,45.15277777777778,46.72222222222222,Satisfactory,alandur
2022-02-23,16.833472222222223,36.861250000000005,27.69475,973.75,14.018055555555556,66.54555555555555,34.65277777777778,17.48611111111111,52.888888888888886,18.04730324074074,960.8159722222222,30.069444444444443,48.06944444444444,Satisfactory,alandur
2022-02-24,24.215138888888887,47.32597222222222,32.5428,862.5,15.774583333333332,46.380694444444444,40.638888888888886,19.666666666666668,53.34722222222222,21.193275462962962,874.1840277777778,35.263888888888886,43.69444444444444,Satisfactory,alandur
2022-02-25,39.74458333333334,80.37,38.96482777777778,827.9166666666666,14.92361111111111,27.600277777777777,48.763888888888886,18.569444444444443,57.513888888888886,30.50797453703704,824.0277777777778,50.763888888888886,41.25,Satisfactory,alandur
2022-02-26,32.16986111111111,58.63986111111111,38.28228333333333,791.6666666666666,14.088194444444445,31.612499999999997,48.013888888888886,17.59722222222222,66.73611111111111,38.12392939814814,778.75,64.29166666666667,39.0,Satisfactory,alandur
2022-02-27,25.35097222222222,55.33375,39.50245555555556,875.5555555555555,13.247777777777777,52.60013888888889,49.458333333333336,16.51388888888889,53.916666666666664,28.48427662037037,903.3680555555555,47.5,45.19444444444444,Satisfactory,alandur
2022-02-28,23.80513888888889,50.50347222222222,36.074327777777775,958.0555555555555,15.596111111111112,39.270694444444445,45.138888888888886,19.47222222222222,54.22222222222222,24.150086805555553,928.4722222222222,40.263888888888886,46.44444444444444,Satisfactory,alandur
2022-03-01,26.03944444444444,53.402638888888895,36.3545,1182.7777777777778,9.682083333333333,18.808888888888887,45.47222222222222,12.125,58.18055555555556,25.616788194444446,1112.517361111111,42.77777777777778,55.34722222222222,Satisfactory,alandur
2022-03-02,28.92402777777778,65.94027777777778,36.636761111111106,1062.361111111111,10.74861111111111,18.735833333333332,45.861111111111114,13.375,61.19444444444444,27.93478587962963,1103.5243055555557,46.625,52.638888888888886,Satisfactory,alandur
2022-03-03,26.434583333333332,59.32805555555555,35.75394444444444,997.5,12.415277777777778,29.41027777777778,44.72222222222222,15.48611111111111,60.43055555555556,25.08717013888889,1049.548611111111,41.80555555555556,52.27777777777778,Satisfactory,alandur
2022-03-04,25.626527777777778,58.62888888888889,32.76605,1066.8055555555557,11.050416666666667,37.880833333333335,40.93055555555556,13.847222222222221,60.31944444444444,28.393547453703704,1039.5659722222222,47.25,50.02777777777778,Satisfactory,alandur
2022-03-05,23.878194444444446,49.62236111111111,36.26363333333333,1079.1666666666667,10.554583333333333,34.76166666666667,45.27777777777778,13.222222222222221,60.236111111111114,23.112297453703704,1107.6041666666667,38.40277777777778,49.75,Satisfactory,alandur
2022-03-06,18.9075,43.794583333333335,31.348477777777777,1003.6111111111111,10.799305555555556,45.61402777777778,39.15277777777778,13.569444444444445,57.59722222222222,22.143067129629628,1016.2847222222222,36.833333333333336,49.47222222222222,Satisfactory,alandur
2022-03-07,19.91111111111111,45.701249999999995,31.387383333333332,1030.6944444444443,10.729305555555555,45.30972222222223,39.236111111111114,13.430555555555555,54.638888888888886,18.344618055555557,1028.454861111111,30.5,51.02777777777778,Satisfactory,alandur
2022-03-08,27.482083333333335,59.3675,35.86987777777777,853.6111111111111,10.828333333333333,36.43208333333334,44.80555555555556,13.597222222222221,56.083333333333336,24.759282407407408,830.3125,41.236111111111114,41.52777777777778,Satisfactory,alandur
2022-03-09,28.970555555555556,63.44416666666666,33.06893888888889,855.5555555555555,10.667222222222222,36.18388888888889,41.333333333333336,13.333333333333334,57.25,28.48828703703704,847.8125,47.44444444444444,42.43055555555556,Satisfactory,alandur
2022-03-10,31.083055555555557,69.28708333333333,36.38478888888889,874.0277777777778,10.453472222222222,29.801666666666662,45.513888888888886,13.01388888888889,58.513888888888886,30.115185185185187,902.6388888888889,50.22222222222222,45.15277777777778,Satisfactory,alandur
2022-03-11,31.753194444444446,71.10430555555556,36.41377222222222,893.4722222222222,10.38875,29.763055555555557,45.44444444444444,12.930555555555555,56.013888888888886,31.170185185185183,891.0416666666666,52.0,44.486111111111114,Satisfactory,alandur
2022-03-12,28.81736111111111,62.538472222222225,38.399,1007.0833333333334,10.44361111111111,28.585555555555555,48.013888888888886,12.972222222222221,57.02777777777778,29.66686921296296,976.7534722222222,49.333333333333336,48.81944444444444,Satisfactory,alandur
2022-03-13,29.376666666666665,68.32333333333332,36.02993888888889,857.3611111111111,10.53375,39.24847222222222,45.041666666666664,13.13888888888889,57.5,30.127835648148146,871.5972222222222,50.19444444444444,43.55555555555556,Satisfactory,alandur
2022-03-14,30.852638888888887,65.37319444444444,34.960166666666666,901.9444444444445,10.490277777777777,57.21666666666667,43.666666666666664,13.083333333333334,58.111111111111114,29.86125,887.7604166666666,49.708333333333336,44.388888888888886,Satisfactory,alandur
2022-03-15,31.71722222222222,69.06291666666667,37.61645,900.8333333333334,10.462777777777779,71.27069444444444,46.791666666666664,13.01388888888889,59.875,30.440098379629628,900.8159722222222,50.68055555555556,45.041666666666664,Satisfactory,alandur
2022-03-16,39.32152777777778,72.27361111111111,37.18875,983.6111111111111,11.62361111111111,54.96625,46.44444444444444,14.5,66.125,35.428391203703704,992.0833333333334,59.111111111111114,49.666666666666664,Satisfactory,alandur
2022-03-17,43.68611111111111,73.81041666666667,36.237522222222225,927.9166666666666,11.184861111111111,76.40458333333333,45.31944444444444,13.902777777777779,77.86111111111111,42.93328125,896.8923611111111,72.05555555555556,44.861111111111114,Satisfactory,alandur
2022-03-18,31.033611111111114,56.279583333333335,32.83681111111111,923.8888888888889,11.654027777777777,74.44722222222222,41.041666666666664,14.541666666666666,67.22222222222223,35.90976851851852,955.5034722222222,59.888888888888886,47.666666666666664,Satisfactory,alandur
2022-03-19,28.953333333333333,52.476111111111116,29.806355555555555,1114.3055555555557,11.549027777777777,69.98569444444445,37.25,14.38888888888889,61.041666666666664,30.091377314814817,1109.201388888889,50.19444444444444,54.69444444444444,Satisfactory,alandur
2022-03-20,29.241249999999997,55.82763888888889,30.19332222222222,956.6666666666666,12.365277777777777,54.226111111111116,37.763888888888886,15.38888888888889,60.69444444444444,28.706001157407407,1002.9340277777778,47.736111111111114,49.583333333333336,Satisfactory,alandur
2022-03-21,30.279583333333335,67.54819444444445,30.405605555555553,899.5833333333334,12.955277777777777,64.63444444444445,37.986111111111114,16.22222222222222,58.80555555555556,30.307812499999997,884.9826388888889,50.52777777777778,44.19444444444444,Satisfactory,alandur
2022-03-22,30.866527777777776,62.768750000000004,34.58495,907.9166666666666,13.004861111111111,56.5975,43.15277777777778,16.26388888888889,60.44444444444444,31.295086805555556,924.21875,52.15277777777778,46.208333333333336,Satisfactory,alandur
2022-03-23,32.97847222222222,59.06736111111112,28.861916666666666,915.1388888888889,11.86138888888889,26.54416666666667,36.06944444444444,14.76388888888889,58.125,31.157690972222227,877.9861111111111,52.02777777777778,43.94444444444444,Satisfactory,alandur
2022-03-24,26.05527777777778,51.117777777777775,28.72848888888889,901.8055555555555,11.210694444444444,13.379722222222222,35.958333333333336,13.98611111111111,56.19444444444444,29.943958333333335,895.6423611111111,49.861111111111114,44.80555555555556,Satisfactory,alandur
2022-03-25,22.60486111111111,47.623333333333335,27.407527777777776,940.9722222222222,11.541805555555555,18.31277777777778,34.27777777777778,14.347222222222221,53.041666666666664,24.37040509259259,948.6979166666666,40.583333333333336,47.416666666666664,Satisfactory,alandur
2022-03-26,23.040833333333335,46.52013888888889,27.937844444444444,876.6666666666666,11.052638888888888,16.992222222222225,34.90277777777778,13.777777777777779,52.75,22.311510416666668,891.2673611111111,37.19444444444444,44.5,Satisfactory,alandur
2022-03-27,20.710694444444446,40.275555555555556,27.68091111111111,888.6111111111111,11.134305555555555,16.240555555555556,34.583333333333336,13.833333333333334,54.02777777777778,21.58383101851852,884.0104166666666,35.94444444444444,44.22222222222222,Satisfactory,alandur
2022-03-28,18.212916666666665,37.830000000000005,27.163127777777778,923.0555555555555,11.13888888888889,14.832083333333335,33.986111111111114,13.86111111111111,53.111111111111114,19.770416666666666,909.0277777777778,33.02777777777778,45.34722222222222,Satisfactory,alandur
2022-03-29,16.50736111111111,35.461388888888884,26.38318888888889,889.1666666666666,11.105555555555556,15.885555555555555,32.958333333333336,13.819444444444445,52.333333333333336,17.017233796296296,895.5381944444445,28.40277777777778,44.72222222222222,Satisfactory,alandur
2022-03-30,19.02305555555556,36.2225,27.478811111111114,893.3333333333334,10.891805555555557,17.240694444444443,34.43055555555556,13.583333333333334,52.69444444444444,16.88003472222222,885.3125,28.166666666666668,44.25,Satisfactory,alandur
2022-03-31,19.87236111111111,35.55736111111111,26.814805555555555,914.1666666666666,11.258611111111112,19.46625,33.486111111111114,14.01388888888889,51.958333333333336,20.384594907407408,909.7916666666666,33.94444444444444,45.52777777777778,Satisfactory,alandur
2022-04-01,18.555416666666666,35.29819444444444,26.526016666666667,945.4166666666666,11.260694444444445,21.819583333333334,33.19444444444444,13.958333333333334,51.65277777777778,18.779866898148146,938.9409722222222,31.319444444444443,46.875,Satisfactory,alandur
2022-04-02,16.63763888888889,34.068194444444444,28.80682222222222,953.4722222222222,10.926527777777778,32.421527777777776,35.81944444444444,13.63888888888889,54.55555555555556,17.560746527777777,978.6458333333334,29.23611111111111,48.93055555555556,Satisfactory,alandur
2022-04-03,17.301666666666666,34.52666666666667,33.17103333333333,909.0277777777778,11.063194444444443,31.731805555555557,40.986111111111114,13.73611111111111,59.291666666666664,17.64806712962963,900.3298611111111,29.305555555555557,44.986111111111114,Satisfactory,alandur
2022-04-04,15.98236111111111,34.4425,28.497666666666664,903.3333333333334,11.424166666666666,23.265138888888888,35.72222222222222,14.291666666666666,53.30555555555556,16.246261574074072,887.5868055555555,27.069444444444443,44.40277777777778,Satisfactory,alandur
2022-04-05,15.589305555555557,33.07958333333333,31.115044444444443,1091.111111111111,14.118749999999999,15.860416666666667,38.888888888888886,17.65277777777778,57.013888888888886,16.42605902777778,1056.2152777777778,27.333333333333332,50.22222222222222,Satisfactory,alandur
2022-04-06,13.217083333333333,31.689444444444444,31.536738888888888,696.3888888888889,15.401805555555557,16.60763888888889,39.47222222222222,19.180555555555557,46.02777777777778,14.116400462962964,756.3541666666666,23.5,37.736111111111114,Good,alandur
2022-04-07,14.653333333333332,33.59291666666667,30.72128888888889,662.2222222222222,14.58361111111111,17.20277777777778,38.52777777777778,18.166666666666668,43.06944444444444,13.780520833333334,670.5034722222222,22.958333333333332,33.375,Good,alandur
2022-04-08,16.189861111111114,34.95458333333333,31.481122222222226,623.0555555555555,16.314583333333335,16.078055555555554,39.486111111111114,20.36111111111111,43.875,15.43248263888889,649.1666666666666,25.694444444444443,32.31944444444444,Good,alandur
2022-04-09,15.465833333333332,32.19027777777777,32.87206111111111,902.6388888888889,12.439722222222223,18.910694444444445,40.958333333333336,15.444444444444445,52.041666666666664,15.950503472222222,844.6527777777778,26.61111111111111,42.15277777777778,Good,alandur
2022-04-10,12.93888888888889,30.62875,28.23342222222222,818.0555555555555,11.25361111111111,21.237777777777776,35.416666666666664,13.847222222222221,51.986111111111114,14.55914351851852,841.5972222222222,24.22222222222222,42.083333333333336,Good,alandur
2022-04-11,13.176250000000001,28.399305555555557,28.229766666666663,788.1944444444445,11.264583333333333,22.64125,35.333333333333336,14.01388888888889,47.81944444444444,12.266174768518518,789.7569444444445,20.5,39.486111111111114,Good,alandur
2022-04-12,11.209166666666667,26.23361111111111,27.9509,751.9444444444445,11.17875,23.70861111111111,35.0,13.847222222222221,47.416666666666664,12.910983796296296,770.6423611111111,21.569444444444443,38.59722222222222,Good,alandur
2022-04-13,10.528611111111111,27.849305555555553,28.754077777777777,783.75,11.223333333333334,22.18402777777778,35.97222222222222,13.88888888888889,45.361111111111114,10.823680555555557,766.9965277777778,18.02777777777778,38.34722222222222,Good,alandur
2022-04-14,11.51986111111111,28.279027777777777,27.7394,797.3611111111111,11.190555555555555,25.37986111111111,34.666666666666664,13.847222222222221,46.34722222222222,10.642702546296297,806.25,17.65277777777778,40.31944444444444,Good,alandur
2022-04-15,11.153472222222222,27.254166666666666,27.839405555555558,765.0,11.187777777777777,24.52138888888889,34.833333333333336,13.847222222222221,45.833333333333336,11.241394675925925,763.8020833333334,18.65277777777778,38.125,Good,alandur
2022-04-16,11.808611111111112,29.47611111111111,31.789233333333332,751.5277777777778,10.70263888888889,24.63375,39.43055555555556,13.23611111111111,50.986111111111114,11.50160300925926,732.8819444444445,19.180555555555557,36.625,Good,alandur
2022-04-17,12.685,27.915833333333335,57.292477777777776,744.3055555555555,7.907083333333334,26.93652777777778,66.29166666666667,9.694444444444445,78.11111111111111,12.751521990740741,776.4236111111111,21.194444444444443,38.84722222222222,Good,alandur
2022-04-18,12.35125,30.541249999999998,27.435727777777778,820.1388888888889,20.525833333333335,24.739166666666666,34.40277777777778,24.180555555555557,52.55555555555556,12.07207175925926,797.8819444444445,20.083333333333332,39.888888888888886,Good,alandur
2022-04-19,13.214166666666666,30.53833333333333,25.144477777777777,768.4722222222222,20.829305555555557,18.15888888888889,31.5,25.944444444444443,46.34722222222222,12.77566550925926,776.8402777777778,21.27777777777778,38.81944444444444,Good,alandur
2022-04-20,13.419722222222223,30.279444444444444,26.0004,803.4722222222222,19.236666666666665,13.626944444444444,32.56944444444444,23.90277777777778,43.69444444444444,13.843368055555555,805.2256944444445,23.069444444444443,40.22222222222222,Good,alandur
2022-04-21,13.315138888888889,30.337500000000002,26.002227777777776,745.1388888888889,12.65986111111111,11.788194444444445,32.47222222222222,15.76388888888889,46.486111111111114,12.657465277777778,751.5277777777778,20.98611111111111,37.638888888888886,Good,alandur
2022-04-22,13.103194444444444,32.32930555555556,24.817305555555556,1235.2777777777778,11.527361111111112,17.809166666666666,31.041666666666668,14.416666666666666,61.208333333333336,13.738015046296296,1191.4930555555557,22.930555555555557,57.611111111111114,Good,alandur
2022-04-23,13.298472222222223,30.494722222222222,25.68262777777778,1041.5277777777778,11.47236111111111,15.975972222222222,32.09722222222222,14.26388888888889,56.72222222222222,13.299797453703704,1022.4305555555555,22.125,50.81944444444444,Good,alandur
2022-04-24,13.466111111111111,28.58027777777778,24.645755555555557,1049.5833333333333,11.665694444444444,18.235555555555557,30.819444444444443,14.5,55.333333333333336,13.358935185185185,1074.0277777777778,22.27777777777778,53.708333333333336,Good,alandur
2022-04-25,25.08638888888889,51.59736111111111,28.981244444444446,1226.111111111111,11.643194444444445,16.028888888888886,36.236111111111114,14.527777777777779,66.29166666666667,17.425850694444442,1208.611111111111,29.069444444444443,58.52777777777778,Satisfactory,alandur
2022-04-26,30.30527777777778,45.648888888888884,32.35610555555556,1066.8055555555557,11.6025,17.65,40.458333333333336,14.5,71.56944444444444,24.614913194444444,1086.40625,41.013888888888886,53.041666666666664,Satisfactory,alandur
2022-04-27,20.664166666666667,39.98416666666667,27.414316666666664,1198.3333333333333,11.616527777777778,17.636527777777776,34.236111111111114,14.51388888888889,70.75,29.03673032407407,1160.8680555555557,48.416666666666664,55.583333333333336,Satisfactory,alandur
2022-04-28,26.025555555555556,47.01902777777778,25.853655555555555,1087.0833333333333,10.695138888888888,12.264583333333333,32.34722222222222,13.375,64.52777777777777,23.373958333333334,1123.923611111111,39.0,52.486111111111114,Satisfactory,alandur
2022-04-29,38.57513888888889,49.99388888888889,25.594894444444446,1082.638888888889,10.841249999999999,46.235,32.041666666666664,13.555555555555555,69.94444444444444,27.41578703703704,1057.8125,45.736111111111114,52.43055555555556,Satisfactory,alandur
2022-04-30,76.01263888888889,53.526944444444446,26.86702777777778,1187.0833333333333,11.278611111111111,29.02333333333333,33.56944444444444,14.027777777777779,161.08333333333334,81.59390046296296,1087.6215277777778,147.83333333333334,53.94444444444444,Satisfactory,alandur
2022-05-01,72.24708333333334,65.46069444444444,25.898566666666667,1043.888888888889,12.082500000000001,15.195833333333333,32.333333333333336,15.083333333333334,102.88888888888889,46.685943287037034,1188.6631944444443,86.88888888888889,58.416666666666664,Satisfactory,alandur
2022-05-02,38.27652777777777,84.88041666666666,31.77173888888889,1196.9444444444443,10.96861111111111,48.79541666666667,39.56944444444444,13.680555555555555,134.66666666666666,63.248015046296295,1142.4131944444443,123.125,54.52777777777778,Satisfactory,alandur
2022-05-03,31.12472222222222,75.67222222222222,26.470399999999998,830.9722222222222,10.919166666666666,67.90277777777777,33.15277777777778,13.625,65.65277777777777,36.56822916666667,862.8993055555555,61.361111111111114,43.18055555555556,Satisfactory,alandur
2022-05-04,35.58111111111111,69.38097222222223,27.279844444444443,786.3888888888889,12.79736111111111,64.75319444444443,34.083333333333336,15.958333333333334,57.013888888888886,32.728807870370375,804.7743055555555,54.52777777777778,40.25,Satisfactory,alandur
2022-05-05,41.76541666666667,78.13555555555556,34.18283888888889,897.2222222222222,12.19111111111111,55.80486111111111,42.388888888888886,15.208333333333334,73.31944444444444,39.92905671296296,892.7777777777778,66.54166666666667,44.65277777777778,Satisfactory,alandur
2022-05-06,34.93291666666667,74.0526388888889,29.12302777777778,982.2222222222222,13.207777777777778,29.66305555555555,36.388888888888886,16.51388888888889,66.51388888888889,36.438744212962966,971.0069444444445,60.666666666666664,48.486111111111114,Satisfactory,alandur
2022-05-07,48.59777777777778,81.0411111111111,30.691261111111107,750.0,15.73986111111111,33.58013888888889,38.291666666666664,19.72222222222222,68.58333333333333,40.769450231481486,803.2118055555555,67.94444444444444,40.111111111111114,Satisfactory,alandur
2022-05-08,48.95916666666667,83.51888888888888,28.161616666666664,802.3611111111111,13.519166666666667,18.56361111111111,35.22222222222222,16.875,86.02777777777777,50.92213541666667,765.3125,86.02777777777777,38.30555555555556,Satisfactory,alandur
2022-05-09,54.654583333333335,100.98097222222222,34.10032777777778,858.4722222222222,12.206666666666667,13.155972222222223,42.583333333333336,15.26388888888889,84.86111111111111,50.90782407407407,861.9444444444445,84.86111111111111,43.06944444444444,Satisfactory,alandur
2022-05-10,41.517361111111114,69.19180555555556,33.32534999999999,1343.0555555555557,11.356527777777778,12.1975,41.55555555555556,14.277777777777779,91.29166666666667,49.80663773148148,1319.3055555555557,83.43055555555556,57.34722222222222,Satisfactory,alandur
2022-05-11,40.166111111111114,61.278888888888886,40.93151666666667,928.4722222222222,15.464166666666667,18.742361111111112,50.80555555555556,19.36111111111111,70.02777777777777,40.29655092592593,947.3784722222222,67.08333333333333,47.416666666666664,Satisfactory,alandur
2022-05-12,34.88,62.62027777777777,38.43268333333333,893.75,7.750972222222223,13.892083333333334,47.986111111111114,9.63888888888889,64.63888888888889,38.27688078703704,897.2222222222222,63.77777777777778,44.90277777777778,Satisfactory,alandur
2022-05-13,27.424166666666665,48.42444444444445,42.16996666666667,917.0833333333334,8.918472222222222,27.822083333333335,52.375,11.11111111111111,63.06944444444444,27.381278935185186,925.0520833333334,45.625,46.208333333333336,Satisfactory,alandur
2022-05-14,35.48861111111111,64.9673611111111,45.30095,975.5555555555555,16.75847222222222,33.81,56.125,20.63888888888889,72.61111111111111,33.79219907407408,974.1840277777778,56.40277777777778,48.75,Satisfactory,alandur
2022-05-15,26.52888888888889,103.33166666666666,38.06399444444444,1681.25,19.912083333333335,27.305555555555557,47.56944444444444,22.51388888888889,84.36111111111111,31.460364583333337,1487.2743055555557,52.43055555555556,62.06944444444444,Satisfactory,alandur
2022-05-16,24.119444444444447,42.86847222222222,36.834161111111115,1578.4722222222222,14.830833333333333,42.99458333333334,45.81944444444444,18.555555555555557,78.30555555555556,24.36611689814815,1704.5833333333333,40.513888888888886,69.08333333333333,Satisfactory,alandur
2022-05-17,25.635,47.647777777777776,38.66193888888889,918.1944444444445,11.301111111111112,37.902361111111105,48.22222222222222,14.11111111111111,60.263888888888886,26.610028935185184,965.7465277777778,44.27777777777778,48.236111111111114,Satisfactory,alandur
2022-05-18,17.21875,146.97652777777776,36.78037222222222,898.6111111111111,9.819166666666668,38.928333333333335,45.736111111111114,12.25,57.583333333333336,20.123350694444444,918.6631944444445,33.541666666666664,45.958333333333336,Satisfactory,alandur
2022-05-19,19.953194444444446,42.55152777777778,39.68784444444444,901.25,9.273888888888889,43.90680555555556,49.55555555555556,11.652777777777779,59.875,17.660694444444445,895.8159722222222,29.5,44.763888888888886,Satisfactory,alandur
2022-05-20,38.55388888888889,70.38069444444444,44.77663888888889,903.8888888888889,11.035555555555556,35.32375,55.72222222222222,13.805555555555555,60.80555555555556,28.346805555555555,899.9826388888889,47.31944444444444,45.02777777777778,Satisfactory,alandur
2022-05-21,30.980555555555554,115.1161111111111,51.857711111111115,767.2222222222222,10.214305555555555,34.923611111111114,64.06944444444444,12.777777777777779,73.31944444444444,37.14680555555556,757.9340277777778,61.875,37.90277777777778,Satisfactory,alandur
2022-05-22,36.92125,67.21097222222221,44.76802222222222,799.4444444444445,8.960833333333333,31.45930555555556,55.93055555555556,11.11111111111111,66.80555555555556,35.38766782407408,762.2048611111111,59.013888888888886,38.09722222222222,Satisfactory,alandur
2022-05-23,25.05513888888889,60.885000000000005,41.329188888888886,861.5277777777778,12.366805555555555,78.03861111111112,51.513888888888886,15.472222222222221,60.81944444444444,27.799855324074073,887.5173611111111,46.34722222222222,44.416666666666664,Satisfactory,alandur
2022-05-24,28.543611111111108,86.99444444444445,38.70580555555555,788.4722222222222,12.019305555555555,68.77541666666667,48.263888888888886,15.13888888888889,56.44444444444444,26.140700231481482,787.8819444444445,43.55555555555556,39.40277777777778,Satisfactory,alandur
2022-05-25,28.65319444444445,71.3926388888889,43.04312222222222,1056.6666666666667,14.563749999999999,29.938888888888886,53.47222222222222,18.27777777777778,66.30555555555556,28.78277199074074,1024.392361111111,48.041666666666664,51.15277777777778,Satisfactory,alandur
2022-05-26,29.746666666666663,155.42819444444444,46.797377777777776,1171.388888888889,15.647499999999999,22.494027777777777,58.125,19.52777777777778,73.73611111111111,30.398038194444446,1192.2916666666667,50.611111111111114,59.625,Satisfactory,alandur
2022-05-27,29.89875,69.11777777777777,43.07393333333333,1082.5,16.01361111111111,27.83083333333333,53.68055555555556,20.01388888888889,66.29166666666667,29.48368055555555,1062.6215277777778,49.09722222222222,53.125,Satisfactory,alandur
2022-05-28,30.182777777777776,53.32611111111111,43.69537777777778,1097.5,10.012361111111112,28.54486111111111,54.541666666666664,12.51388888888889,68.26388888888889,29.743587962962962,1126.1979166666667,49.52777777777778,56.30555555555556,Satisfactory,alandur
2022-05-29,29.48944444444444,187.8738888888889,37.932133333333326,1049.0277777777778,9.376666666666667,24.19291666666667,47.30555555555556,11.652777777777779,67.76388888888889,31.05711226851852,981.8055555555555,51.736111111111114,48.916666666666664,Satisfactory,alandur
2022-05-30,27.621388888888887,159.2384722222222,39.01652777777778,944.0277777777778,11.806805555555556,21.362916666666667,48.666666666666664,14.76388888888889,69.29166666666667,27.91444444444444,1008.5590277777778,46.625,49.72222222222222,Satisfactory,alandur
2022-05-31,29.398055555555555,144.88041666666666,39.44318333333334,1276.25,11.455,25.102777777777778,49.25,14.333333333333334,71.58333333333333,28.368402777777778,1159.1145833333333,47.30555555555556,56.94444444444444,Satisfactory,alandur
2022-06-01,32.660694444444445,59.79777777777778,46.50362777777778,1020.1388888888889,18.01388888888889,26.045555555555556,57.90277777777778,22.48611111111111,71.45833333333333,29.81855324074074,1146.9444444444443,49.625,55.861111111111114,Satisfactory,alandur
2022-06-02,35.38361111111111,163.9452777777778,46.96213888888889,1140.138888888889,12.585,30.259166666666665,58.388888888888886,15.708333333333334,71.95833333333333,35.25032407407407,1097.0659722222222,58.736111111111114,54.861111111111114,Satisfactory,alandur
2022-06-03,32.68680555555556,64.21597222222222,41.95951111111111,1150.6944444444443,9.890694444444444,31.48680555555556,52.25,12.36111111111111,73.63888888888889,34.31666666666667,1135.1215277777778,57.263888888888886,56.69444444444444,Satisfactory,alandur
2022-06-04,76.66930555555557,51.75125,40.88843333333333,1036.8055555555557,9.780277777777776,55.528194444444445,51.05555555555556,12.222222222222221,136.27777777777777,60.89157407407408,1088.6805555555557,119.30555555555556,54.25,Satisfactory,alandur
2022-06-05,78.58111111111111,52.57875,35.955,931.8055555555555,8.638333333333334,30.166666666666668,44.916666666666664,10.73611111111111,162.43055555555554,82.02778935185185,967.5868055555555,150.93055555555554,48.416666666666664,Satisfactory,alandur
2022-06-06,62.88277777777778,52.16,33.98047777777778,1040.5555555555557,10.29375,35.83305555555555,42.486111111111114,12.833333333333334,153.22222222222223,67.71663773148148,988.5243055555555,138.88888888888889,49.44444444444444,Satisfactory,alandur
2022-06-07,33.91916666666666,60.20527777777777,43.43087222222222,1107.9166666666667,7.134583333333333,30.09708333333333,53.986111111111114,8.847222222222221,92.47222222222223,40.35869791666667,1087.9166666666667,74.06944444444444,54.40277777777778,Satisfactory,alandur
2022-06-08,31.954027777777778,59.748194444444444,43.17211111111111,1292.5,11.681249999999999,24.52111111111111,53.791666666666664,14.472222222222221,78.44444444444444,32.92749421296296,1218.1770833333333,54.861111111111114,60.763888888888886,Satisfactory,alandur
2022-06-09,27.012083333333337,57.8525,47.75774444444445,1059.4444444444443,17.89875,23.509305555555557,59.666666666666664,22.34722222222222,77.58333333333333,29.561064814814813,1155.798611111111,49.263888888888886,56.736111111111114,Satisfactory,alandur
2022-06-10,27.59486111111111,57.01305555555555,45.94041111111111,1182.361111111111,34.65208333333333,22.33458333333333,57.208333333333336,33.69444444444444,82.09722222222223,27.719855324074075,1151.736111111111,46.18055555555556,57.583333333333336,Satisfactory,alandur
2022-06-11,29.009999999999998,60.190416666666664,49.1667,1347.361111111111,25.856111111111108,20.513472222222223,61.0,31.0,82.19444444444444,28.65133680555555,1319.7916666666667,47.77777777777778,64.73611111111111,Satisfactory,alandur
2022-06-12,28.622083333333332,53.935138888888886,39.86644444444445,1115.8333333333333,16.594444444444445,46.476111111111116,49.55555555555556,20.75,73.41666666666667,29.368587962962962,1160.295138888889,48.94444444444444,57.861111111111114,Satisfactory,alandur
2022-06-13,27.192777777777778,46.496388888888895,38.53138333333333,1091.8055555555557,18.968055555555555,54.08972222222222,48.125,23.86111111111111,68.76388888888889,27.329565972222223,1090.9027777777778,45.55555555555556,54.5,Satisfactory,alandur
2022-06-14,31.303194444444443,57.79430555555555,38.10786111111111,1067.638888888889,16.816388888888888,31.737361111111113,47.513888888888886,20.944444444444443,64.11111111111111,28.43916087962963,1041.111111111111,47.458333333333336,52.09722222222222,Satisfactory,alandur
2022-06-15,25.13041666666667,47.55902777777778,37.26186111111111,1109.5833333333333,14.635833333333332,29.060000000000002,46.388888888888886,18.291666666666668,65.70833333333333,28.20882523148148,1096.4756944444443,47.05555555555556,54.65277777777778,Satisfactory,alandur
2022-06-16,23.316388888888888,46.48222222222222,33.91755,1069.1666666666667,14.127083333333333,29.400972222222222,42.43055555555556,17.61111111111111,60.958333333333336,25.841302083333332,1114.2881944444443,43.05555555555556,55.263888888888886,Satisfactory,alandur
2022-06-17,25.652638888888887,48.31777777777778,40.23435,1206.6666666666667,19.108333333333334,26.769722222222224,50.138888888888886,23.90277777777778,69.73611111111111,24.072922453703704,1205.2604166666667,40.138888888888886,60.291666666666664,Satisfactory,alandur
2022-06-18,19.07361111111111,38.10027777777778,39.276333333333326,1185.9722222222222,14.770138888888889,34.46625,48.69444444444444,18.36111111111111,67.48611111111111,21.860746527777778,1188.732638888889,36.43055555555556,59.40277777777778,Satisfactory,alandur
2022-06-19,19.51638888888889,41.00152777777778,36.985083333333336,1209.861111111111,12.33375,36.455000000000005,46.166666666666664,15.472222222222221,65.125,19.074033564814815,1188.2465277777778,31.73611111111111,59.375,Satisfactory,alandur
2022-06-20,17.092222222222222,34.370555555555555,44.724938888888886,1267.638888888889,13.726388888888888,20.514722222222222,55.52777777777778,17.11111111111111,73.20833333333333,17.242048611111112,1259.6180555555557,28.75,62.958333333333336,Satisfactory,alandur
2022-06-21,17.659444444444446,35.61472222222223,51.66683888888889,1384.0277777777778,8.223333333333334,21.181666666666665,62.75,10.291666666666666,83.84722222222223,18.107881944444443,1340.9722222222222,30.25,66.0,Satisfactory,alandur
2022-06-22,93.89097222222222,123.45430555555555,52.756455555555554,1176.111111111111,9.481111111111112,17.878611111111113,63.90277777777778,11.86111111111111,154.90277777777777,56.77830439814815,1238.8368055555557,109.76388888888889,60.291666666666664,Satisfactory,alandur
2022-06-23,24.446805555555557,50.005,51.048005555555555,1077.638888888889,9.08013888888889,15.921527777777776,62.375,11.375,137.70833333333334,58.540671296296296,1112.4652777777778,112.02777777777777,55.583333333333336,Satisfactory,alandur
2022-06-24,43.097638888888895,57.71361111111111,43.73585,1297.5,8.14125,16.07069444444444,54.111111111111114,10.26388888888889,85.43055555555556,35.7608449074074,1223.3506944444443,61.15277777777778,61.111111111111114,Satisfactory,alandur
2022-06-25,19.139444444444443,38.87847222222222,50.711172222222224,1180.6944444444443,12.730972222222222,17.67361111111111,62.388888888888886,15.902777777777779,84.48611111111111,29.45941550925926,1219.1840277777778,49.638888888888886,60.638888888888886,Satisfactory,alandur
2022-06-26,21.961805555555557,47.511805555555554,42.13915555555556,1122.638888888889,9.77111111111111,20.82097222222222,52.44444444444444,12.194444444444445,68.375,20.279184027777777,1136.7708333333333,33.833333333333336,56.84722222222222,Satisfactory,alandur
2022-06-27,24.850416666666668,52.23111111111111,44.47244444444445,973.6111111111111,10.474861111111112,19.64736111111111,55.208333333333336,13.055555555555555,65.23611111111111,24.381574074074074,1036.545138888889,40.69444444444444,51.833333333333336,Satisfactory,alandur
2022-06-28,22.390833333333333,70.90847222222222,47.35511111111111,1485.138888888889,19.405694444444446,21.25402777777778,58.041666666666664,24.27777777777778,81.59722222222223,23.599699074074074,1453.298611111111,39.31944444444444,59.81944444444444,Satisfactory,alandur
2022-06-29,42.03791666666667,46.530277777777776,42.167094444444444,1218.4722222222222,8.804444444444444,72.72208333333333,52.43055555555556,11.11111111111111,98.56944444444444,38.629189814814815,1179.861111111111,74.06944444444444,59.013888888888886,Satisfactory,alandur
2022-06-30,17.422361111111112,35.20930555555556,48.047577777777775,1177.5,13.96,75.09944444444444,58.986111111111114,17.5,77.77777777777777,22.76818287037037,1145.78125,38.861111111111114,57.27777777777778,Satisfactory,alandur
2022-07-01,15.502777777777778,33.23638888888889,46.743066666666664,1295.4166666666667,18.43013888888889,41.73097222222222,57.27777777777778,23.055555555555557,78.83333333333333,14.788819444444446,1254.6875,24.61111111111111,62.388888888888886,Satisfactory,alandur
2022-07-02,20.590694444444445,41.386805555555554,47.51908888888889,1274.1666666666667,13.521527777777777,17.570416666666667,58.875,16.875,77.34722222222223,18.488385416666667,1314.8090277777778,30.75,64.81944444444444,Satisfactory,alandur
2022-07-03,21.042777777777776,45.05555555555556,45.13383888888889,1225.9722222222222,11.019166666666667,15.61236111111111,56.111111111111114,13.76388888888889,74.76388888888889,22.751203703703702,1243.9583333333333,37.875,62.111111111111114,Satisfactory,alandur
2022-07-04,17.537222222222223,36.377361111111114,62.8437,1180.0,10.718333333333334,13.930694444444445,74.91666666666667,13.416666666666666,88.41666666666667,18.106730324074075,1166.736111111111,30.180555555555557,58.388888888888886,Satisfactory,alandur
2022-07-05,13.126111111111111,32.52902777777778,55.969950000000004,1166.388888888889,10.136805555555556,17.459027777777777,67.95833333333333,12.652777777777779,82.09722222222223,15.94431712962963,1179.704861111111,26.541666666666668,58.958333333333336,Satisfactory,alandur
2022-07-06,13.6125,31.249166666666667,77.44111666666667,1213.611111111111,11.701944444444443,21.205416666666665,88.55555555555556,14.61111111111111,101.25,12.41683449074074,1185.642361111111,20.73611111111111,59.291666666666664,Satisfactory,alandur
2022-07-07,20.183611111111112,40.75555555555556,69.89709444444445,1249.1666666666667,14.668750000000001,19.0675,82.625,18.291666666666668,97.25,17.254172453703703,1244.8958333333333,28.76388888888889,62.18055555555556,Satisfactory,alandur
2022-07-08,15.497777777777777,33.52458333333333,60.58900555555556,1131.388888888889,14.571666666666667,20.102083333333333,73.01388888888889,18.25,86.875,18.16728587962963,1170.8159722222222,30.23611111111111,58.44444444444444,Satisfactory,alandur
2022-07-09,16.36263888888889,37.93208333333334,56.57938333333333,1165.4166666666667,11.830277777777777,20.50875,68.94444444444444,14.76388888888889,84.0,16.060671296296295,1208.8020833333333,26.76388888888889,60.44444444444444,Satisfactory,alandur
2022-07-10,34.17944444444444,44.669444444444444,53.973755555555556,1125.9722222222222,9.659444444444444,28.051111111111112,66.05555555555556,12.069444444444445,78.22222222222223,16.07415509259259,1093.5590277777778,26.916666666666668,54.69444444444444,Satisfactory,alandur
2022-07-11,136.1977777777778,71.05611111111111,53.873488888888886,1154.1666666666667,9.669444444444444,60.94444444444444,66.04166666666667,12.069444444444445,209.0,116.99070601851852,1146.6319444444443,168.26388888888889,57.333333333333336,Satisfactory,alandur
2022-07-12,35.610416666666666,63.18833333333334,57.96118333333334,1076.25,10.62138888888889,22.574583333333333,70.06944444444444,13.319444444444445,153.23611111111111,65.08778935185185,1074.6354166666667,112.81944444444444,53.666666666666664,Satisfactory,alandur
2022-07-13,17.496805555555554,33.52708333333333,59.3751,989.1666666666666,11.318888888888889,22.267083333333332,71.69444444444444,14.208333333333334,83.625,24.515931712962963,1036.857638888889,40.875,51.833333333333336,Satisfactory,alandur
2022-07-14,18.217916666666667,36.46458333333333,56.90002777777777,1174.861111111111,10.203472222222222,23.325555555555557,69.29166666666667,12.708333333333334,80.80555555555556,17.817957175925926,1113.732638888889,29.73611111111111,55.708333333333336,Satisfactory,alandur
2022-07-15,30.499027777777776,55.58736111111111,60.17122777777777,990.4166666666666,10.148472222222223,22.259583333333335,73.01388888888889,12.708333333333334,81.76388888888889,23.250364583333333,1038.142361111111,38.763888888888886,51.81944444444444,Satisfactory,alandur
2022-07-16,29.42986111111111,54.97347222222223,60.37385,1002.9166666666666,9.899305555555555,30.118333333333332,73.11111111111111,12.333333333333334,90.45833333333333,31.383946759259256,1039.2881944444443,52.263888888888886,51.888888888888886,Satisfactory,alandur
2022-07-17,20.099444444444444,36.21652777777778,52.730866666666664,1107.7777777777778,12.153472222222222,76.67374999999998,64.51388888888889,15.055555555555555,77.27777777777777,23.497297453703702,1039.84375,39.166666666666664,52.041666666666664,Satisfactory,alandur
2022-07-18,23.08875,43.00111111111111,59.81925,1233.1944444444443,12.059861111111111,20.079166666666666,71.51388888888889,15.027777777777779,89.02777777777777,21.33571759259259,1180.8506944444443,35.55555555555556,59.013888888888886,Satisfactory,alandur
2022-07-19,31.36152777777778,58.46,56.25899999999999,1125.4166666666667,12.071805555555555,23.832083333333333,67.43055555555556,15.069444444444445,87.48611111111111,29.549068287037034,1182.1527777777778,49.27777777777778,59.125,Satisfactory,alandur
2022-07-20,31.81847222222222,51.795,51.87442222222222,1125.2777777777778,11.78,25.258055555555554,62.611111111111114,14.777777777777779,81.79166666666667,30.961087962962964,1120.5902777777778,51.583333333333336,56.06944444444444,Satisfactory,alandur
2022-07-21,21.115555555555556,38.37986111111111,45.2657,1109.7222222222222,11.210972222222221,26.257777777777775,56.083333333333336,14.13888888888889,68.58333333333333,26.211510416666666,1091.0243055555557,43.708333333333336,54.52777777777778,Satisfactory,alandur
2022-07-22,21.126666666666665,38.3075,55.45686666666667,1152.638888888889,13.801250000000001,24.125416666666666,67.79166666666667,17.38888888888889,81.98611111111111,19.41349537037037,1184.861111111111,32.40277777777778,59.263888888888886,Satisfactory,alandur
2022-07-23,22.568055555555556,38.23166666666666,46.211705555555554,1246.6666666666667,8.555,23.082361111111112,57.361111111111114,10.791666666666666,74.55555555555556,23.666765046296295,1216.1631944444443,39.44444444444444,60.84722222222222,Satisfactory,alandur
2022-07-24,20.06736111111111,36.12694444444444,50.652161111111106,1215.2777777777778,8.766388888888889,19.606805555555557,62.27777777777778,11.11111111111111,79.02777777777777,20.372378472222223,1219.6006944444443,33.94444444444444,60.986111111111114,Satisfactory,alandur
2022-07-25,25.754166666666666,44.7775,57.65307222222222,1227.5,12.370972222222221,21.60388888888889,69.01388888888889,15.61111111111111,86.04166666666667,23.765127314814816,1236.6840277777778,39.666666666666664,61.791666666666664,Satisfactory,alandur
2022-07-26,19.658194444444444,32.378888888888895,50.96836666666667,1268.611111111111,12.593333333333334,21.60013888888889,62.90277777777778,15.916666666666666,80.58333333333333,21.773460648148145,1271.892361111111,36.291666666666664,63.236111111111114,Satisfactory,alandur
2022-07-27,21.766666666666666,38.83569444444444,55.67358888888889,1099.0277777777778,10.1925,21.25888888888889,66.16666666666667,12.777777777777779,81.72222222222223,22.077181712962965,1118.9756944444443,36.791666666666664,55.888888888888886,Satisfactory,alandur
2022-07-28,17.647222222222222,32.97819444444444,44.344500000000004,1135.8333333333333,7.008611111111112,31.595694444444444,54.30555555555556,8.75,68.75,18.606331018518517,1081.857638888889,30.958333333333332,54.05555555555556,Satisfactory,alandur
2022-07-29,20.494861111111113,34.72708333333333,50.376688888888886,1111.5277777777778,4.290277777777778,62.247083333333336,60.65277777777778,5.333333333333333,77.80555555555556,19.663425925925925,1136.423611111111,32.77777777777778,56.458333333333336,Satisfactory,alandur
2022-07-30,21.678749999999997,35.594166666666666,48.24262777777778,1109.4444444444443,10.313055555555556,64.21541666666667,58.84722222222222,12.958333333333334,75.13888888888889,19.165358796296296,1104.3229166666667,31.98611111111111,55.236111111111114,Satisfactory,alandur
2022-07-31,25.204722222222223,45.26986111111111,48.52488888888889,1169.0277777777778,10.067777777777778,56.242777777777775,60.0,12.555555555555555,79.45833333333333,24.171666666666667,1206.736111111111,40.291666666666664,60.34722222222222,Satisfactory,alandur
2022-08-01,28.662777777777777,48.60666666666666,48.002405555555555,1144.4444444444443,11.493611111111111,28.973750000000003,58.80555555555556,14.347222222222221,76.38888888888889,27.11491898148148,1150.5208333333333,45.208333333333336,57.55555555555556,Satisfactory,alandur
2022-08-02,29.447916666666668,50.69888888888889,45.267266666666664,1309.0277777777778,10.317222222222222,28.392083333333332,56.19444444444444,12.76388888888889,76.04166666666667,28.884525462962966,1223.263888888889,48.19444444444444,61.041666666666664,Satisfactory,alandur
2022-08-03,26.4375,43.73138888888889,59.695483333333335,996.3888888888889,6.706388888888889,19.759305555555557,71.70833333333333,8.347222222222221,84.375,27.76379050925926,1063.0034722222222,46.291666666666664,53.15277777777778,Satisfactory,alandur
2022-08-04,26.113333333333333,46.54222222222222,57.904261111111104,845.2777777777778,6.304444444444445,14.669305555555557,70.16666666666667,7.902777777777778,78.81944444444444,27.270607638888887,898.0381944444445,45.52777777777778,44.958333333333336,Satisfactory,alandur
2022-08-05,18.812083333333334,32.26430555555556,61.985166666666665,947.2222222222222,8.762361111111112,22.350555555555555,74.77777777777777,10.916666666666666,80.97222222222223,21.88961226851852,891.5277777777778,36.541666666666664,44.625,Satisfactory,alandur
2022-08-06,18.040694444444444,33.24888888888889,56.60053333333334,1133.4722222222222,7.669305555555557,30.078472222222224,69.11111111111111,9.51388888888889,79.55555555555556,19.248072916666665,1137.0833333333333,32.05555555555556,56.861111111111114,Satisfactory,alandur
2022-08-07,13.085416666666667,28.349722222222223,53.78549444444444,1120.138888888889,6.249027777777778,29.354583333333338,66.125,7.75,81.33333333333333,15.530873842592591,1150.7291666666667,25.88888888888889,57.31944444444444,Satisfactory,alandur
2022-08-08,18.646805555555556,37.72763888888889,55.242755555555554,939.5833333333334,7.965,26.897916666666667,66.91666666666667,10.0,73.41666666666667,15.21492476851852,932.2395833333334,25.375,46.638888888888886,Satisfactory,alandur
2022-08-09,21.850833333333334,40.396388888888886,52.80763333333333,968.1944444444445,10.962638888888888,21.11652777777778,64.63888888888889,13.73611111111111,72.73611111111111,20.496631944444445,945.8854166666666,34.15277777777778,47.30555555555556,Satisfactory,alandur
2022-08-10,21.659861111111113,43.15902777777777,49.68082777777778,922.2222222222222,12.320416666666667,22.755138888888887,61.263888888888886,15.375,68.19444444444444,21.400202546296295,921.2847222222222,35.708333333333336,46.111111111111114,Satisfactory,alandur
2022-08-11,24.099305555555556,46.03486111111111,54.20092222222222,1004.7222222222222,13.442361111111111,23.88513888888889,66.69444444444444,16.805555555555557,74.29166666666667,23.14767939814815,1033.6458333333333,38.583333333333336,51.75,Satisfactory,alandur
2022-08-12,20.18347222222222,39.70333333333333,57.10865555555555,919.1666666666666,10.88638888888889,24.995833333333334,69.36111111111111,13.680555555555555,73.68055555555556,22.2059375,911.6493055555555,37.06944444444444,45.611111111111114,Satisfactory,alandur
2022-08-13,16.32888888888889,35.64736111111111,49.0727,853.6111111111111,9.94,23.94736111111111,60.861111111111114,12.444444444444445,64.90277777777777,18.878402777777776,892.4131944444445,31.48611111111111,44.611111111111114,Satisfactory,alandur
2022-08-14,12.631250000000001,28.942083333333333,51.33862222222222,993.1944444444445,7.083472222222222,25.664027777777775,63.486111111111114,8.819444444444445,70.70833333333333,14.743269675925925,967.2048611111111,24.555555555555557,48.333333333333336,Satisfactory,alandur
2022-08-15,20.92902777777778,45.33611111111111,41.04562222222222,997.7777777777778,8.694444444444445,29.794305555555557,51.125,10.875,63.458333333333336,16.840069444444442,1016.2326388888889,28.01388888888889,50.791666666666664,Satisfactory,alandur
2022-08-16,15.647916666666667,33.71375,38.884144444444445,1011.6666666666666,8.311527777777776,25.007916666666667,48.611111111111114,10.458333333333334,61.55555555555556,18.49089699074074,929.4791666666666,30.86111111111111,46.52777777777778,Satisfactory,alandur
2022-08-17,17.084027777777777,30.61555555555556,50.774883333333335,1157.7777777777778,10.752638888888889,26.73638888888889,62.69444444444444,13.38888888888889,79.95833333333333,14.508871527777778,1184.7916666666667,24.15277777777778,59.263888888888886,Satisfactory,alandur
2022-08-18,17.715694444444445,30.645416666666662,53.95939444444444,1028.75,12.646944444444445,30.10388888888889,66.18055555555556,15.847222222222221,73.84722222222223,17.479247685185186,1049.982638888889,29.13888888888889,52.5,Satisfactory,alandur
2022-08-19,19.64986111111111,35.651805555555555,46.54645,1057.638888888889,15.250555555555556,25.479444444444443,57.84722222222222,19.055555555555557,71.125,19.657355324074075,1096.0069444444443,32.791666666666664,54.30555555555556,Satisfactory,alandur
2022-08-20,20.265,42.11888888888889,53.99438333333333,1059.1666666666667,12.536388888888888,21.116527777777776,66.33333333333333,15.61111111111111,76.27777777777777,19.73601273148148,1027.0833333333333,32.833333333333336,51.361111111111114,Satisfactory,alandur
2022-08-21,20.09625,40.394444444444446,46.26392777777777,1048.3333333333333,7.285,19.34916666666667,57.31944444444444,9.13888888888889,70.01388888888889,20.62943287037037,1064.4444444444443,34.375,53.18055555555556,Satisfactory,alandur
2022-08-22,9.679444444444444,27.118194444444445,47.34153333333333,889.1666666666666,8.530972222222223,18.604444444444443,58.52777777777778,10.708333333333334,64.73611111111111,14.9196875,888.1597222222222,24.86111111111111,44.361111111111114,Satisfactory,alandur
2022-08-23,15.598194444444443,31.154444444444444,54.12285,1069.1666666666667,17.49458333333333,27.494027777777777,66.5,21.944444444444443,72.38888888888889,11.121631944444443,1028.0381944444443,18.5,51.513888888888886,Satisfactory,alandur
2022-08-24,17.764722222222222,33.343333333333334,55.58637777777778,1218.0555555555557,21.0,27.972361111111113,69.13888888888889,26.208333333333332,76.0,17.14425347222222,1141.2152777777778,28.541666666666668,56.361111111111114,Satisfactory,alandur
2022-08-25,21.41111111111111,39.14152777777778,67.21992222222222,904.7222222222222,9.880416666666667,28.619444444444444,81.65277777777777,12.305555555555555,85.13888888888889,20.02111111111111,994.6354166666666,33.375,49.40277777777778,Satisfactory,alandur
2022-08-26,23.074305555555554,40.91388888888889,62.69225555555555,1207.361111111111,10.522916666666667,28.349027777777778,76.98611111111111,13.152777777777779,81.16666666666667,21.093333333333334,1162.204861111111,35.138888888888886,56.80555555555556,Satisfactory,alandur
2022-08-27,20.162222222222223,37.340138888888895,63.03326666666666,1157.9166666666667,11.00138888888889,30.644166666666667,77.09722222222223,13.76388888888889,80.26388888888889,22.53839699074074,1164.861111111111,37.541666666666664,57.361111111111114,Satisfactory,alandur
2022-08-28,17.360694444444444,33.941944444444445,63.56384444444445,1101.5277777777778,10.784583333333334,25.903194444444445,77.55555555555556,13.5,81.875,18.741168981481483,1156.579861111111,31.208333333333332,57.763888888888886,Satisfactory,alandur
2022-08-29,27.843888888888888,47.935138888888886,52.71624444444444,1050.8333333333333,11.229027777777778,29.52902777777778,65.18055555555556,14.01388888888889,69.18055555555556,22.301487268518517,961.7708333333334,37.25,48.083333333333336,Satisfactory,alandur
2022-08-30,68.65833333333335,70.21847222222222,54.20379444444444,1085.4166666666667,10.302777777777777,25.485972222222223,65.26388888888889,12.86111111111111,109.18055555555556,42.34298611111112,1113.107638888889,85.61111111111111,55.666666666666664,Good,alandur
2022-08-31,226.57069444444448,25.496388888888887,53.852599999999995,1203.0555555555557,5.552777777777778,24.046666666666667,65.76388888888889,6.888888888888889,227.75,162.37723958333333,1225.3645833333333,204.30555555555554,60.236111111111114,Satisfactory,alandur
2022-09-01,30.302222222222227,51.025000000000006,72.66069444444445,1624.7222222222222,7.758055555555556,24.46597222222222,87.54166666666667,9.75,205.80555555555554,125.25028935185186,1585.0347222222222,169.47222222222223,71.65277777777777,Satisfactory,alandur
2022-09-02,16.416527777777777,30.74027777777778,54.14922222222222,1283.4722222222222,9.055555555555555,25.782638888888886,66.26388888888889,11.347222222222221,79.22222222222223,18.58324074074074,1288.5416666666667,30.944444444444443,62.84722222222222,Satisfactory,alandur
2022-09-03,20.751944444444447,39.494166666666665,54.40380555555556,1215.2777777777778,8.87,31.25305555555555,66.66666666666667,11.069444444444445,74.29166666666667,17.862499999999997,1177.9166666666667,29.833333333333332,58.236111111111114,Satisfactory,alandur
2022-09-04,20.44375,40.456805555555555,40.92185555555555,1533.1944444444443,14.270972222222222,28.57944444444444,51.138888888888886,17.61111111111111,78.73611111111111,21.125497685185184,1576.3541666666667,35.18055555555556,72.20833333333333,Satisfactory,alandur
2022-09-05,22.892222222222223,42.565416666666664,49.80825,1426.388888888889,11.197083333333333,28.86375,61.875,14.027777777777779,72.26388888888889,19.718894675925924,1418.2118055555557,32.833333333333336,66.09722222222223,Satisfactory,alandur
2022-09-06,25.224444444444444,43.13291666666667,46.44096111111111,1268.3333333333333,9.359722222222222,31.443333333333335,58.02777777777778,11.73611111111111,70.5,25.451863425925925,1325.78125,42.416666666666664,59.666666666666664,Satisfactory,alandur
2022-09-07,25.719305555555554,46.346805555555555,67.04419444444444,1523.4722222222222,9.267222222222223,28.394583333333333,81.80555555555556,11.5,84.66666666666667,25.081006944444443,1442.0659722222222,41.77777777777778,63.65277777777778,Satisfactory,alandur
2022-09-08,23.27777777777778,43.67583333333333,73.11398333333334,1745.4166666666667,10.057916666666666,20.4475,88.80555555555556,12.541666666666666,94.41666666666667,24.92457175925926,1648.8541666666667,41.541666666666664,70.52777777777777,Moderate,alandur
2022-09-09,31.256527777777777,56.17513888888889,73.37352777777778,2020.138888888889,8.884027777777778,25.20375,88.25,11.152777777777779,104.54166666666667,28.96163194444445,2027.170138888889,48.31944444444444,84.04166666666667,Moderate,alandur
2022-09-10,27.236666666666665,53.20861111111111,67.7413611111111,1673.4722222222222,6.213333333333334,26.735277777777778,82.23611111111111,7.75,89.59722222222223,29.321168981481478,1698.107638888889,48.90277777777778,72.86111111111111,Satisfactory,alandur
2022-09-11,23.315833333333334,46.96333333333334,45.09963333333334,1477.2222222222222,4.875555555555556,26.94222222222222,56.263888888888886,6.083333333333333,82.63888888888889,24.611666666666665,1540.763888888889,40.94444444444444,74.875,Satisfactory,alandur
2022-09-12,29.017083333333332,53.11333333333333,43.31102222222222,1855.4166666666667,5.594027777777778,26.73638888888889,54.09722222222222,6.958333333333333,83.45833333333333,24.67328703703704,1745.5729166666667,41.111111111111114,76.69444444444444,Satisfactory,alandur
2022-09-13,31.19847222222222,55.826249999999995,48.48676666666667,1953.3333333333333,7.131805555555555,28.063194444444445,59.736111111111114,8.944444444444445,85.13888888888889,30.46195023148148,1980.486111111111,50.75,75.45833333333333,Satisfactory,alandur
2022-09-14,37.03986111111111,67.62388888888889,42.14698888888889,1831.8055555555557,6.353472222222222,27.799999999999997,52.69444444444444,7.888888888888889,78.95833333333333,32.23506365740741,1872.03125,54.083333333333336,74.23611111111111,Satisfactory,alandur
2022-09-15,41.8975,71.54097222222222,50.174327777777776,1615.0,7.435972222222222,27.48513888888889,62.44444444444444,9.25,88.16666666666667,40.88163773148148,1689.9479166666667,74.51388888888889,68.51388888888889,Satisfactory,alandur
2022-09-16,37.909444444444446,65.52625,55.64068888888889,1881.25,6.848472222222223,28.501944444444444,68.73611111111111,8.51388888888889,102.81944444444444,41.266105324074076,1907.96875,76.68055555555556,81.81944444444444,Moderate,alandur
2022-09-17,35.60819444444444,60.6861111111111,47.92328888888889,1451.388888888889,7.739999999999999,36.613194444444446,59.763888888888886,9.708333333333334,83.31944444444444,37.45927662037037,1410.9895833333333,62.90277777777778,69.75,Satisfactory,alandur
2022-09-18,23.983472222222222,44.500277777777775,49.170094444444445,1390.138888888889,6.7683333333333335,31.12152777777778,61.166666666666664,8.48611111111111,81.61111111111111,29.248587962962958,1460.798611111111,48.75,70.59722222222223,Satisfactory,alandur
2022-09-19,30.53083333333333,51.85819444444444,52.05902777777778,1361.25,6.260416666666667,28.535972222222224,64.73611111111111,7.819444444444445,75.47222222222223,26.697563657407407,1281.25,44.513888888888886,63.791666666666664,Satisfactory,alandur
2022-09-20,32.281666666666666,59.38027777777778,63.76542222222221,1284.4444444444443,9.29,22.432361111111113,77.83333333333333,11.541666666666666,86.91666666666667,30.22778935185185,1328.576388888889,50.40277777777778,65.02777777777777,Satisfactory,alandur
2022-09-21,36.206805555555555,74.21333333333332,54.82863333333333,1420.9722222222222,8.444861111111111,28.78736111111111,67.68055555555556,10.51388888888889,87.05555555555556,37.73217013888889,1378.9756944444443,65.44444444444444,68.93055555555556,Satisfactory,alandur
2022-09-22,31.37236111111111,57.21236111111111,55.41535,1339.3055555555557,6.629583333333333,33.6775,68.15277777777777,8.277777777777779,78.68055555555556,31.392031250000002,1342.013888888889,52.333333333333336,65.23611111111111,Satisfactory,alandur
2022-09-23,31.66722222222222,59.83361111111112,59.98348888888889,1215.4166666666667,6.358055555555556,37.87708333333333,72.84722222222223,7.930555555555555,79.84722222222223,31.695480324074076,1264.5659722222222,52.81944444444444,62.90277777777778,Satisfactory,alandur
2022-09-24,28.505000000000003,57.911944444444444,44.22438888888889,1336.111111111111,6.911666666666666,31.230972222222224,55.208333333333336,8.61111111111111,74.93055555555556,31.464716435185185,1335.1215277777778,52.40277777777778,66.30555555555556,Satisfactory,alandur
2022-09-25,28.737916666666667,55.748194444444444,44.13169444444444,1375.2777777777778,7.985138888888888,38.937222222222225,54.875,9.916666666666666,72.91666666666667,27.13170138888889,1407.638888888889,45.19444444444444,69.26388888888889,Satisfactory,alandur
2022-09-26,36.58680555555556,65.77388888888889,60.79319444444444,1723.3333333333333,7.699861111111111,29.16569444444444,74.625,9.597222222222221,86.58333333333333,33.14074074074074,1484.2881944444443,55.208333333333336,69.98611111111111,Satisfactory,alandur
2022-09-27,41.562777777777775,66.9225,61.70003333333333,1642.0833333333333,8.85513888888889,30.526666666666667,75.70833333333333,11.097222222222221,98.20833333333333,38.691435185185185,1864.704861111111,64.68055555555556,81.61111111111111,Satisfactory,alandur
2022-09-28,39.6875,66.65736111111111,87.13147222222221,1509.1666666666667,7.944583333333333,20.859444444444446,102.65277777777777,9.916666666666666,113.04166666666667,40.933940972222224,1441.9444444444443,70.83333333333333,69.22222222222223,Satisfactory,alandur
2022-09-29,46.28486111111111,75.41055555555556,80.90136111111111,1415.5555555555557,13.62513888888889,13.668194444444445,96.58333333333333,17.11111111111111,103.05555555555556,41.12699652777778,1406.6493055555557,68.69444444444444,67.08333333333333,Moderate,alandur
2022-09-30,36.431805555555556,60.25319444444444,85.44521666666667,1429.5833333333333,6.849166666666666,8.853472222222223,101.90277777777777,8.51388888888889,110.30555555555556,42.161712962962966,1437.9166666666667,71.77777777777777,68.04166666666667,Moderate,alandur
2022-10-01,35.64666666666667,53.394305555555555,79.86527222222223,1495.6944444444443,4.675000000000001,10.07263888888889,95.97222222222223,5.819444444444445,107.69444444444444,37.80107638888889,1513.3333333333333,62.97222222222222,72.27777777777777,Moderate,alandur
2022-10-02,33.97152777777777,54.89694444444444,90.11205555555554,1586.6666666666667,4.530277777777778,14.789583333333333,102.73611111111111,5.652777777777778,116.22222222222223,34.784623842592595,1574.8090277777778,58.0,76.31944444444444,Satisfactory,alandur
2022-10-03,46.437083333333334,77.92791666666668,64.74955,1673.3333333333333,6.9375,18.734583333333333,79.26388888888889,8.583333333333334,99.66666666666667,38.54794560185185,1634.392361111111,64.38888888888889,79.875,Satisfactory,alandur
2022-10-04,48.69513888888889,76.1263888888889,67.24577222222223,1423.0555555555557,8.236805555555556,23.417916666666667,82.31944444444444,10.180555555555555,97.90277777777777,48.19946759259259,1554.5833333333333,81.84722222222223,69.01388888888889,Satisfactory,alandur
2022-10-05,67.56597222222223,87.56222222222222,69.6331111111111,1329.861111111111,11.651944444444446,19.10625,85.375,14.430555555555555,109.76388888888889,58.48380208333333,1252.5347222222222,104.77777777777777,60.34722222222222,Moderate,alandur
2022-10-06,142.31611111111113,65.63638888888889,72.20688333333334,1525.9722222222222,12.300555555555555,18.23611111111111,87.88888888888889,15.208333333333334,204.34722222222223,115.4705787037037,1570.642361111111,189.45833333333334,72.34722222222223,Moderate,alandur
2022-10-07,179.99666666666664,62.36569444444444,70.00258333333333,1791.8055555555557,9.220694444444444,11.710416666666667,84.81944444444444,11.430555555555555,250.58333333333334,174.8854976851852,1722.4305555555557,234.31944444444446,73.95833333333333,Satisfactory,alandur
2022-10-08,47.09527777777778,78.53208333333333,70.20572777777778,1575.5555555555557,13.045833333333333,7.21638888888889,84.90277777777777,16.36111111111111,168.48611111111111,91.85999421296296,1626.1458333333333,150.88888888888889,75.38888888888889,Moderate,alandur
2022-10-09,20.21847222222222,31.818194444444444,59.853716666666664,1848.888888888889,6.506111111111111,5.691805555555556,73.58333333333333,8.083333333333334,94.75,32.60030092592593,1801.9791666666667,54.56944444444444,78.31944444444444,Moderate,alandur
2022-10-10,20.14638888888889,34.74111111111111,58.708222222222226,1894.5833333333333,5.439027777777778,5.528333333333333,71.51388888888889,6.819444444444445,92.05555555555556,16.51228587962963,1837.2916666666667,27.51388888888889,81.38888888888889,Moderate,alandur
2022-10-11,31.766666666666666,52.32152777777778,60.00411666666667,1370.8333333333333,6.500555555555556,6.3566666666666665,72.48611111111111,8.125,92.02777777777777,28.446145833333333,1472.204861111111,47.416666666666664,72.01388888888889,Satisfactory,alandur
2022-10-12,32.615138888888886,55.72208333333333,61.23107777777778,1401.111111111111,6.961388888888889,5.798333333333334,73.52777777777777,8.73611111111111,84.15277777777777,33.20412037037037,1380.5555555555557,55.388888888888886,67.27777777777777,Satisfactory,alandur
2022-10-13,21.633333333333333,44.59875,52.51101111111111,1685.8333333333333,11.043611111111112,6.654444444444445,64.56944444444444,13.097222222222221,82.22222222222223,26.605167824074073,1684.0277777777778,44.34722222222222,73.18055555555556,Satisfactory,alandur
2022-10-14,23.498749999999998,39.77222222222222,53.94059444444444,1302.7777777777778,10.058472222222223,5.600416666666667,65.31944444444444,11.652777777777779,80.61111111111111,21.587766203703705,1358.75,35.94444444444444,67.56944444444444,Satisfactory,alandur
2022-10-15,25.740555555555556,43.56055555555556,44.847138888888885,1735.0,4.022638888888888,6.170555555555556,55.416666666666664,5.027777777777778,76.70833333333333,25.79550925925926,1586.232638888889,42.93055555555556,71.875,Good,alandur
2022-10-16,15.368749999999999,26.459166666666665,43.176027777777776,1450.138888888889,3.4919444444444445,6.0008333333333335,53.55555555555556,4.472222222222222,78.72222222222223,19.530850694444446,1519.7395833333333,32.55555555555556,73.04166666666667,Satisfactory,alandur
2022-10-17,17.378194444444446,28.50222222222222,51.408861111111115,1678.611111111111,4.695555555555555,8.715833333333332,62.833333333333336,5.930555555555555,88.56944444444444,15.626504629629629,1701.5104166666667,26.01388888888889,78.61111111111111,Moderate,alandur
2022-10-18,28.40361111111111,53.93361111111111,60.499966666666666,1700.5555555555557,5.038888888888889,11.99763888888889,73.75,6.291666666666667,93.83333333333333,24.015266203703703,1741.5104166666667,40.06944444444444,78.61111111111111,Moderate,alandur
2022-10-19,36.629305555555554,62.94194444444444,66.50395555555555,1434.1666666666667,4.222916666666666,13.182222222222222,80.48611111111111,5.361111111111111,87.36111111111111,31.272841435185185,1395.46875,52.111111111111114,66.65277777777777,Satisfactory,alandur
2022-10-20,30.55944444444445,53.5975,73.72759444444445,1567.5,3.866388888888889,11.99986111111111,87.19444444444444,4.944444444444445,98.69444444444444,36.573940972222225,1512.6041666666667,60.958333333333336,71.94444444444444,Satisfactory,alandur
2022-10-21,24.013333333333335,39.62416666666667,72.60481666666666,1761.9444444444443,11.024305555555555,13.81,86.58333333333333,13.777777777777779,100.16666666666667,25.387395833333333,1830.920138888889,42.291666666666664,79.16666666666667,Moderate,alandur
2022-10-22,49.994166666666665,77.24722222222222,62.99540555555556,1335.9722222222222,8.476944444444445,14.411666666666669,77.13888888888889,10.597222222222221,85.38888888888889,34.20496527777778,1378.6284722222222,57.0,67.04166666666667,Satisfactory,alandur
2022-10-23,80.77041666666668,124.20708333333333,86.81265555555555,1365.9722222222222,8.545833333333333,15.21347222222222,102.125,10.652777777777779,124.95833333333333,59.70229166666666,1229.8958333333333,111.84722222222223,61.041666666666664,Satisfactory,alandur
2022-10-24,180.33444444444444,230.68055555555554,131.49294444444445,1702.361111111111,36.503055555555555,17.752083333333335,143.5,39.638888888888886,283.40277777777777,120.56545717592593,1664.1666666666667,265.65277777777777,80.16666666666667,Very Poor,alandur
2022-10-25,126.82833333333332,213.2001388888889,107.69762777777777,1849.5833333333333,29.141666666666666,20.677083333333332,121.90277777777777,36.416666666666664,363.27777777777777,203.01227430555554,1958.59375,358.8611111111111,79.88888888888889,Very Poor,alandur
2022-10-26,71.09194444444444,113.21569444444444,110.45130555555555,1872.361111111111,16.189444444444444,23.914583333333333,123.41666666666667,20.22222222222222,185.875,74.37376157407408,1833.298611111111,159.61111111111111,74.55555555555556,Moderate,alandur
2022-10-27,46.87861111111111,83.31777777777778,87.29466666666667,2172.777777777778,13.577361111111111,16.180416666666666,104.06944444444444,17.01388888888889,132.05555555555554,57.037714120370374,2097.2916666666665,113.75,79.06944444444444,Satisfactory,alandur
2022-10-28,24.27847222222222,44.47222222222222,60.20595555555556,1924.5833333333333,15.211527777777778,13.78875,73.19444444444444,19.0,85.48611111111111,32.26626157407408,1948.4895833333333,55.125,70.15277777777777,Moderate,alandur
2022-10-29,31.05861111111111,58.93736111111111,62.69565,2077.777777777778,14.523194444444446,15.617916666666666,76.55555555555556,18.13888888888889,91.625,27.434010416666666,2073.1423611111113,45.708333333333336,81.95833333333333,Satisfactory,alandur
2022-10-30,43.40763888888889,79.61361111111111,62.09091666666666,1572.5,16.11583333333333,22.37,76.33333333333333,20.13888888888889,85.41666666666667,37.16125,1677.8645833333333,65.0,66.70833333333333,Satisfactory,alandur
2022-10-31,43.61680555555555,84.57625,69.4357111111111,1444.861111111111,15.740555555555554,25.73625,84.90277777777777,19.63888888888889,95.59722222222223,43.94674768518519,1477.013888888889,81.05555555555556,58.125,Satisfactory,alandur
2022-11-01,20.130138888888887,47.11430555555555,74.82138888888888,1866.9444444444443,14.67875,18.843055555555555,90.54166666666667,18.375,96.44444444444444,31.515335648148145,1714.201388888889,53.291666666666664,65.95833333333333,Satisfactory,alandur
2022-11-02,9.993194444444445,24.170833333333334,74.25582222222222,2230.0,13.092083333333333,15.838750000000001,89.30555555555556,16.34722222222222,101.68055555555556,13.16204861111111,2133.2291666666665,21.930555555555557,83.16666666666667,Satisfactory,alandur
2022-11-03,17.164861111111108,32.35791666666667,72.23795555555554,1961.9444444444443,13.13861111111111,11.857083333333334,87.77777777777777,16.444444444444443,100.5,15.378194444444444,2105.3125,25.65277777777778,82.73611111111111,Satisfactory,alandur
2022-11-04,15.756111111111112,27.637500000000003,67.95442777777777,2252.0833333333335,14.07263888888889,12.71875,82.30555555555556,17.555555555555557,102.97222222222223,15.021568287037038,2155.6944444444443,25.041666666666668,83.47222222222223,Moderate,alandur
2022-11-05,23.09777777777778,37.31236111111111,72.74346666666666,1803.75,13.751805555555556,12.493333333333332,86.73611111111111,17.208333333333332,107.34722222222223,19.374212962962964,2024.9131944444443,32.291666666666664,85.38888888888889,Moderate,alandur
2022-11-06,55.50458333333333,81.82347222222222,62.08647777777777,1016.25,13.613888888888889,14.071111111111112,75.375,17.01388888888889,84.41666666666667,32.350005787037034,1015.5381944444445,55.486111111111114,50.763888888888886,Satisfactory,alandur
2022-11-07,53.83777777777778,68.84597222222222,67.65963333333333,1165.2777777777778,12.87861111111111,11.8975,82.66666666666667,16.055555555555557,153.69444444444446,68.1437037037037,1121.40625,142.40277777777777,55.236111111111114,Moderate,alandur
2022-11-08,30.56472222222222,53.92777777777778,83.90727222222222,1187.361111111111,13.040277777777778,15.600000000000001,99.84722222222223,16.333333333333332,110.61111111111111,35.52427083333333,1207.3090277777778,60.388888888888886,59.97222222222222,Moderate,alandur
2022-11-09,34.11138888888889,49.14472222222222,74.16443333333332,906.1111111111111,14.095,21.12,89.51388888888889,17.61111111111111,101.73611111111111,34.42828703703704,965.8680555555555,58.44444444444444,48.30555555555556,Moderate,alandur
2022-11-10,22.624444444444446,36.315,77.32962222222221,1217.5,13.629722222222222,22.25638888888889,92.77777777777777,17.041666666666668,101.83333333333333,26.553356481481483,1157.96875,44.263888888888886,57.90277777777778,Satisfactory,alandur
2022-11-11,23.12388888888889,33.451388888888886,60.33259444444444,1019.4444444444445,14.145694444444445,15.636805555555554,73.91666666666667,17.694444444444443,79.66666666666667,24.42712962962963,1054.3229166666667,40.72222222222222,52.69444444444444,Satisfactory,alandur
2022-11-12,7.297638888888888,16.91375,55.87699444444444,1003.75,13.764166666666666,10.153055555555556,67.23611111111111,17.180555555555557,75.56944444444444,14.575711805555557,1010.1388888888889,24.34722222222222,50.541666666666664,Satisfactory,alandur
2022-11-13,6.878611111111111,14.509583333333333,63.21865555555556,1028.0555555555557,13.567916666666667,9.81236111111111,77.83333333333333,16.944444444444443,79.73611111111111,6.960833333333333,998.6111111111111,11.61111111111111,49.958333333333336,Satisfactory,alandur
2022-11-14,14.952916666666669,27.588749999999997,72.75939444444444,1304.861111111111,14.081805555555555,11.225555555555555,88.01388888888889,17.583333333333332,97.98611111111111,8.791359953703704,1254.8090277777778,14.652777777777779,62.44444444444444,Satisfactory,alandur
2022-11-15,40.57611111111111,58.36263888888888,85.26713888888888,1196.25,13.863888888888889,13.754722222222222,100.86111111111111,17.305555555555557,115.43055555555556,28.042065972222222,1254.513888888889,48.34722222222222,62.40277777777778,Moderate,alandur
2022-11-16,50.51888888888889,76.51263888888889,90.80165,1160.2777777777778,14.01611111111111,16.469444444444445,106.875,17.569444444444443,147.69444444444446,48.36405092592592,1190.8506944444443,94.63888888888889,59.34722222222222,Moderate,alandur
2022-11-17,74.90402777777778,105.38402777777777,113.46609444444444,1155.5555555555557,14.345277777777776,17.954722222222223,128.02777777777777,17.930555555555557,180.95833333333334,58.746817129629626,1113.3333333333333,118.31944444444444,55.638888888888886,Moderate,alandur
2022-11-18,86.1036111111111,127.83902777777777,84.73656111111111,1088.888888888889,13.65875,25.550416666666663,100.625,17.055555555555557,214.41666666666666,91.10840277777778,1120.8506944444443,208.90277777777777,55.97222222222222,Poor,alandur
2022-11-19,40.39111111111111,55.82180555555556,83.99291666666666,1040.138888888889,14.165555555555555,28.531805555555554,99.48611111111111,17.75,153.20833333333334,56.8640625,1014.0277777777778,115.33333333333333,50.708333333333336,Moderate,alandur
2022-11-20,35.560833333333335,54.774027777777775,73.39572222222222,942.5,14.123194444444444,36.55972222222223,88.88888888888889,17.666666666666668,116.44444444444444,36.488315972222225,986.6666666666666,68.09722222222223,49.34722222222222,Moderate,alandur
2022-11-21,38.74597222222222,56.96611111111112,72.48575,1030.6944444444443,13.716111111111111,29.286944444444444,88.63888888888889,17.125,106.66666666666667,36.03996527777778,1022.7604166666666,63.43055555555556,51.22222222222222,Moderate,alandur
2022-11-22,38.382361111111116,68.43138888888889,70.71071666666666,1104.7222222222222,13.724444444444444,19.624166666666667,86.79166666666667,17.15277777777778,94.65277777777777,39.683252314814816,1063.3506944444443,66.08333333333333,53.18055555555556,Satisfactory,alandur
2022-11-23,29.054166666666667,49.340694444444445,66.88726666666668,1172.5,13.973611111111111,20.127361111111114,82.05555555555556,17.38888888888889,90.91666666666667,35.409490740740736,1169.9131944444443,59.02777777777778,57.361111111111114,Satisfactory,alandur
2022-11-24,44.981944444444444,78.68486111111112,90.46324999999999,1057.2222222222222,14.06111111111111,21.16444444444444,106.20833333333333,17.52777777777778,113.69444444444444,35.32195601851852,1096.5972222222222,61.69444444444444,54.833333333333336,Satisfactory,alandur
2022-11-25,46.00597222222222,82.7275,84.14697222222222,1180.138888888889,14.905000000000001,17.029027777777777,99.45833333333333,18.63888888888889,119.65277777777777,49.050694444444446,1151.6319444444443,93.29166666666667,57.56944444444444,Satisfactory,alandur
2022-11-26,46.71875,79.06013888888889,69.94278888888888,1018.75,15.362499999999999,16.685555555555553,84.30555555555556,19.23611111111111,95.61111111111111,43.03825810185185,1056.579861111111,77.01388888888889,52.833333333333336,Satisfactory,alandur
2022-11-27,54.55916666666666,93.45305555555555,62.78808333333333,1097.638888888889,14.374722222222223,17.030555555555555,76.08333333333333,18.0,109.16666666666667,51.07391782407407,1097.1875,98.08333333333333,54.93055555555556,Satisfactory,alandur
2022-11-28,68.40236111111112,106.47958333333332,76.18621666666667,1108.1944444444443,14.178611111111111,21.403888888888886,88.81944444444444,17.73611111111111,126.69444444444444,60.25818865740741,1077.2222222222222,116.91666666666667,53.833333333333336,Satisfactory,alandur
2022-11-29,79.10916666666667,124.68013888888888,104.46167777777777,980.9722222222222,12.620138888888889,25.383333333333333,117.02777777777777,15.777777777777779,170.5,77.57715277777778,1011.0416666666666,160.30555555555554,50.59722222222222,Moderate,alandur
2022-11-30,77.25888888888889,130.49805555555557,76.63428333333333,956.3888888888889,9.33875,26.282638888888886,91.04166666666667,11.680555555555555,157.44444444444446,76.94666666666666,929.4791666666666,157.18055555555554,46.5,Moderate,alandur
2022-12-01,60.24208333333334,98.62111111111112,54.87537222222222,1140.8333333333333,9.21736111111111,21.78527777777778,67.375,11.527777777777779,151.27777777777777,71.2162962962963,1115.3472222222222,145.27777777777777,55.625,Moderate,alandur
2022-12-02,32.25486111111111,69.70736111111111,61.90317777777778,1040.4166666666667,8.860416666666667,15.302916666666667,74.33333333333333,11.041666666666666,100.58333333333333,44.67710069444444,1081.5625,78.375,54.013888888888886,Satisfactory,alandur
2022-12-03,21.823888888888888,48.62305555555556,60.70206666666666,955.5555555555555,9.835138888888888,16.45013888888889,72.80555555555556,12.291666666666666,78.83333333333333,23.620341435185182,938.9583333333334,39.375,46.94444444444444,Satisfactory,alandur
2022-12-04,44.14736111111111,79.55541666666666,51.40416111111111,931.25,10.595277777777778,23.278055555555554,63.30555555555556,13.25,71.98611111111111,30.419033564814818,942.5694444444445,50.986111111111114,47.09722222222222,Satisfactory,alandur
2022-12-05,75.65708333333333,120.94305555555555,54.99574444444445,1059.3055555555557,10.566388888888888,29.193749999999998,67.59722222222223,13.180555555555555,122.09722222222223,62.62140046296296,1026.111111111111,120.73611111111111,51.30555555555556,Satisfactory,alandur
2022-12-06,102.48597222222222,157.14027777777778,73.06202222222221,1061.5277777777778,9.079027777777778,29.011111111111113,87.875,11.347222222222221,193.91666666666666,89.55225694444444,1121.545138888889,192.38888888888889,55.416666666666664,Moderate,alandur
2022-12-07,105.62541666666667,169.32166666666666,74.10359444444444,1127.7777777777778,10.864583333333334,35.629305555555554,89.125,13.583333333333334,229.13888888888889,105.35059606481481,1087.829861111111,229.13888888888889,54.375,Moderate,alandur
2022-12-08,84.81708333333333,135.60763888888889,65.30832777777778,847.0833333333334,10.114305555555555,36.206944444444446,80.375,12.652777777777779,209.0,97.13462384259259,905.1215277777778,209.0,45.31944444444444,Moderate,alandur
2022-12-09,48.23916666666666,83.29361111111112,53.37972777777778,990.4166666666666,9.118333333333332,22.87375,66.61111111111111,11.402777777777779,134.98611111111111,67.70463541666668,973.1423611111111,133.80555555555554,48.72222222222222,Satisfactory,alandur
2022-12-10,21.22972222222222,47.22333333333333,50.78976666666667,739.4444444444445,9.554583333333333,15.621805555555556,62.388888888888886,11.833333333333334,75.20833333333333,28.512650462962963,746.0590277777778,47.55555555555556,37.25,Satisfactory,alandur
2022-12-11,28.093194444444446,46.57625,72.1617111111111,910.0,9.68611111111111,12.767222222222223,86.44444444444444,12.097222222222221,89.75,26.206724537037037,902.0486111111111,43.611111111111114,45.083333333333336,Satisfactory,alandur
2022-12-12,28.779861111111114,49.344722222222224,86.48261111111111,975.8333333333334,9.793472222222222,13.32763888888889,99.93055555555556,12.208333333333334,103.04166666666667,28.84602430555556,882.8819444444445,48.125,44.09722222222222,Satisfactory,alandur
2022-12-13,23.83263888888889,43.23847222222222,88.7266,880.4166666666666,12.05888888888889,12.571111111111112,99.86111111111111,15.0,108.40277777777777,27.977453703703702,958.6805555555555,46.59722222222222,47.916666666666664,Satisfactory,alandur
2022-12-14,30.75597222222222,61.04388888888889,90.96719444444444,872.0833333333334,11.760416666666666,11.939583333333333,104.68055555555556,14.75,108.63888888888889,25.765642361111112,861.2673611111111,42.916666666666664,43.083333333333336,Satisfactory,alandur
2022-12-15,41.54819444444444,83.5938888888889,82.05390555555556,977.2222222222222,13.614444444444445,13.477916666666665,96.86111111111111,16.98611111111111,102.45833333333333,36.30368634259259,948.3680555555555,61.611111111111114,47.43055555555556,Satisfactory,alandur
2022-12-16,52.67486111111111,101.5838888888889,79.29657222222221,839.3055555555555,14.911805555555556,14.044583333333334,94.0,18.59722222222222,106.22222222222223,47.64130787037037,874.9305555555555,87.38888888888889,43.75,Satisfactory,alandur
2022-12-17,70.43208333333332,120.82722222222222,75.30131111111112,877.5,15.690972222222221,18.729166666666668,89.56944444444444,19.555555555555557,124.51388888888889,59.74605324074074,895.6423611111111,117.59722222222223,44.791666666666664,Satisfactory,alandur
2022-12-18,58.55361111111111,97.99208333333334,51.84987777777778,794.0277777777778,11.975277777777778,29.370416666666667,63.416666666666664,14.98611111111111,138.54166666666666,68.35278935185185,795.1909722222222,138.54166666666666,39.77777777777778,Satisfactory,alandur
2022-12-19,46.28541666666667,85.68527777777778,70.61515,789.1666666666666,11.91638888888889,24.881944444444443,85.81944444444444,14.916666666666666,98.90277777777777,47.88665509259259,767.9513888888889,86.11111111111111,38.375,Satisfactory,alandur
2022-12-20,58.20791666666667,102.67611111111111,84.19815,868.6111111111111,12.122361111111111,24.47,100.01388888888889,15.13888888888889,117.75,54.109392361111105,863.5590277777778,102.54166666666667,43.18055555555556,Satisfactory,alandur
2022-12-21,57.98972222222223,100.515,70.95694444444445,857.7777777777778,12.510277777777778,26.192777777777778,85.95833333333333,15.597222222222221,119.33333333333333,60.106498842592586,861.3888888888889,117.06944444444444,43.05555555555556,Satisfactory,alandur
2022-12-22,72.25805555555556,123.0284722222222,71.97162222222222,799.4444444444445,13.544583333333334,33.24527777777777,86.83333333333333,16.86111111111111,126.68055555555556,62.205937500000005,808.5416666666666,122.72222222222223,40.458333333333336,Satisfactory,alandur
2022-12-23,87.9426388888889,151.2473611111111,64.22367222222222,936.1111111111111,11.914444444444445,42.943749999999994,78.58333333333333,14.86111111111111,170.16666666666666,81.4497337962963,932.9861111111111,170.13888888888889,46.638888888888886,Moderate,alandur
2022-12-24,83.78194444444445,142.36527777777778,59.79548888888889,821.6666666666666,11.555277777777778,41.63972222222222,73.55555555555556,14.375,189.29166666666666,89.81754050925926,821.3194444444445,189.29166666666666,41.083333333333336,Moderate,alandur
2022-12-25,18.398194444444446,83.0188888888889,43.963277777777776,772.5,12.04861111111111,17.703611111111112,54.47222222222222,15.13888888888889,97.16666666666667,48.31321759259259,793.5416666666666,89.02777777777777,39.68055555555556,Satisfactory,alandur
2022-12-26,17.516944444444444,36.423750000000005,49.60066666666667,854.7222222222222,11.901388888888889,15.981805555555557,60.625,14.875,66.625,14.771030092592591,824.4965277777778,24.63888888888889,41.236111111111114,Satisfactory,alandur
2022-12-27,23.45388888888889,46.047222222222224,68.26018888888888,740.6944444444445,12.177777777777777,16.110694444444444,79.48611111111111,15.291666666666666,83.05555555555556,22.441440972222225,793.0208333333334,37.40277777777778,39.69444444444444,Satisfactory,alandur
2022-12-28,33.43236111111111,61.52666666666667,91.62023333333333,932.9166666666666,12.137361111111112,17.96138888888889,103.48611111111111,15.11111111111111,108.22222222222223,28.870891203703707,880.5729166666666,48.083333333333336,44.06944444444444,Satisfactory,alandur
2022-12-29,31.186249999999998,63.02861111111112,92.93179444444444,840.8333333333334,12.975833333333334,21.82097222222222,104.31944444444444,16.166666666666668,106.81944444444444,31.127916666666668,853.7673611111111,51.94444444444444,42.72222222222222,Satisfactory,alandur
2022-12-30,33.90263888888889,70.85805555555555,76.40659444444445,853.1944444444445,12.962777777777779,20.251944444444447,90.70833333333333,16.194444444444443,94.44444444444444,34.18858796296296,855.6423611111111,56.97222222222222,42.81944444444444,Satisfactory,alandur
2022-12-31,36.75333333333333,70.18819444444445,81.57006666666666,877.3611111111111,14.379444444444443,21.140972222222224,96.5,18.01388888888889,99.61111111111111,33.92138310185185,867.2569444444445,56.47222222222222,43.361111111111114,Satisfactory,alandur
2023-01-01,51.76778935185185,90.26310185185186,93.05619212962964,805.1851851851852,14.853668981481482,21.61403935185185,105.63888888888889,18.708333333333332,127.84722222222223,48.60884307484568,845.787037037037,90.16666666666667,42.30555555555556,Satisfactory,alandur
2023-01-02,42.940185185185186,75.69453703703704,75.37855648148148,763.7384259259259,14.15068287037037,20.239085648148148,89.0,17.791666666666668,99.81944444444444,44.00184751157408,733.9959490740741,76.75,36.666666666666664,Satisfactory,alandur
2023-01-03,48.48653935185185,86.7603125,76.77260694444445,722.1643518518518,12.604756944444444,23.497685185185183,90.63888888888889,15.805555555555555,105.01388888888889,45.23694203317902,733.0425347222222,80.88888888888889,36.65277777777778,Satisfactory,alandur
2023-01-04,52.21403935185185,89.37233796296296,81.24837777777778,767.0949074074074,16.305613425925927,27.981087962962963,94.58333333333333,20.430555555555557,118.43055555555556,50.97487075617284,728.7109375,96.97222222222223,36.458333333333336,Satisfactory,alandur
2023-01-05,43.83796296296296,71.81699074074075,52.64409074074074,839.2013888888889,24.278402777777778,44.64996527777778,64.40277777777777,27.291666666666668,88.25,45.08335648148148,848.4606481481482,78.73611111111111,42.416666666666664,Satisfactory,alandur
2023-01-06,51.15289351851852,89.23015046296297,71.55604212962963,645.6134259259259,17.800416666666663,35.75439814814815,83.23611111111111,22.319444444444443,105.88888888888889,49.9193147183642,702.7155671296297,91.40277777777777,35.166666666666664,Satisfactory,alandur
2023-01-07,60.5519212962963,114.47511574074075,78.02367731481482,774.3171296296297,16.092916666666667,30.783171296296295,92.625,20.125,113.93055555555556,53.128552276234565,722.9079861111111,100.56944444444444,36.18055555555556,Satisfactory,alandur
2023-01-08,82.91234953703704,146.87314814814815,70.39089907407407,681.8287037037037,15.85491898148148,34.44082175925926,84.77777777777777,19.75,160.25,76.6839983603395,717.466724537037,159.44444444444446,35.875,Satisfactory,alandur
2023-01-09,57.028124999999996,106.95232638888889,79.49619166666668,849.1782407407408,14.706909722222223,40.14710648148148,94.06944444444444,18.333333333333332,144.88888888888889,68.67912519290124,827.6388888888889,139.27777777777777,41.34722222222222,Satisfactory,alandur
2023-01-10,62.6654513888889,109.17247685185185,79.40001574074074,935.2893518518517,18.867685185185184,34.510555555555555,95.26388888888889,23.01388888888889,129.13888888888889,60.30974199459877,911.2644675925926,120.18055555555556,45.583333333333336,Satisfactory,alandur
2023-01-11,59.01196759259259,102.46456018518518,76.78440046296296,871.1342592592592,14.762083333333331,37.00207175925926,92.23611111111111,18.430555555555557,126.88888888888889,60.10372974537037,880.8159722222222,118.23611111111111,44.05555555555556,Satisfactory,alandur
2023-01-12,49.85847222222222,92.44305555555555,71.68033101851853,893.5300925925926,16.14664351851852,36.998437499999994,86.58333333333333,20.36111111111111,117.88888888888889,55.91235580632716,891.7418981481482,107.52777777777777,44.625,Satisfactory,alandur
2023-01-13,49.84271990740741,105.8037037037037,81.60703564814816,797.5115740740741,16.631319444444443,29.079502314814818,95.79166666666667,20.72222222222222,122.45833333333333,51.36116753472222,819.4401041666667,99.79166666666667,40.97222222222222,Satisfactory,alandur
2023-01-14,107.20752314814814,201.79972222222221,83.9711574074074,744.5138888888889,23.894641203703703,27.619861111111113,98.04166666666667,29.75,212.01388888888889,88.03192756558641,746.9719328703704,191.09722222222223,37.388888888888886,Poor,alandur
2023-01-15,41.04626157407407,75.81457175925927,66.2211287037037,726.412037037037,21.51534722222222,28.801030092592594,79.66666666666667,26.694444444444443,133.56944444444446,62.66651523919753,726.5234375,124.73611111111111,36.31944444444444,Satisfactory,alandur
2023-01-16,42.074247685185185,70.9887037037037,66.47192592592593,768.1828703703703,17.941446759259257,30.303981481481483,79.58333333333333,22.36111111111111,87.27777777777777,39.6090128279321,768.9105902777778,66.83333333333333,38.458333333333336,Satisfactory,alandur
2023-01-17,39.43001157407408,101.72990740740741,59.91892916666667,779.7569444444445,18.231712962962963,29.424756944444443,72.79166666666667,22.75,83.47222222222223,40.997047164351855,763.9699074074074,68.29166666666667,38.18055555555556,Satisfactory,alandur
2023-01-18,50.24186342592592,114.42809027777778,79.26948194444444,713.5300925925926,18.64002314814815,33.23752314814814,92.18055555555556,23.26388888888889,108.65277777777777,43.48839988425926,760.0896990740741,75.25,38.041666666666664,Satisfactory,alandur
2023-01-19,56.21931712962963,104.22503472222223,70.76511481481481,765.8449074074074,17.590844907407405,31.894618055555554,84.43055555555556,22.0,113.83333333333333,55.040424382716054,720.6206597222222,102.06944444444444,36.013888888888886,Satisfactory,alandur
2023-01-20,67.64371527777777,185.87951388888888,71.28231064814814,781.2731481481482,16.456296296296294,27.837546296296296,85.88888888888889,20.625,128.95833333333334,61.31852478780864,817.6403356481482,119.56944444444444,40.875,Satisfactory,alandur
2023-01-21,58.88552083333333,136.62659722222222,56.18145,759.5486111111111,18.59857638888889,35.34172453703704,68.41666666666667,23.23611111111111,128.25,63.956347897376546,750.7146990740741,126.30555555555556,37.55555555555556,Satisfactory,alandur
2023-01-22,55.600625,107.21965277777777,51.111063888888886,710.8564814814814,14.338344907407409,48.419583333333335,62.44444444444444,17.930555555555557,113.90277777777777,57.420850694444454,711.4236111111111,111.43055555555556,35.56944444444444,Satisfactory,alandur
2023-01-23,46.20028935185186,82.29778935185185,53.226564351851856,808.2638888888889,14.116099537037037,31.30332175925926,65.16666666666667,17.65277777777778,106.88888888888889,52.139302179783954,799.7482638888889,99.81944444444444,39.94444444444444,Satisfactory,alandur
2023-01-24,39.05391203703704,70.98505787037037,53.88926435185185,825.625,20.026377314814813,38.57836805555556,65.5,24.291666666666668,88.95833333333333,40.55688416280864,835.3472222222222,70.09722222222223,41.72222222222222,Satisfactory,alandur
2023-01-25,57.22751157407408,103.44582175925926,68.57500185185185,767.3032407407408,19.36702546296296,37.414722222222224,81.34722222222223,22.77777777777778,107.81944444444444,47.20094425154321,767.5491898148148,86.94444444444444,38.40277777777778,Satisfactory,alandur
2023-01-26,87.69142361111112,140.51386574074073,63.16702083333333,815.2314814814814,18.489143518518517,37.30226851851852,76.40277777777777,23.069444444444443,164.72222222222223,75.19731915509259,786.0619212962963,157.83333333333334,39.31944444444444,Moderate,alandur
2023-01-27,50.71149305555556,84.60920138888889,67.31133287037036,771.6087962962963,17.528888888888886,30.211967592592593,80.97222222222223,21.916666666666668,143.84722222222223,68.5789240933642,770.2285879629629,135.95833333333334,38.486111111111114,Moderate,alandur
2023-01-28,66.00651620370371,106.5443287037037,74.72051296296296,993.9699074074074,20.250648148148148,32.33928240740741,89.36111111111111,24.930555555555557,121.93055555555556,57.25357060185185,989.6368634259258,111.31944444444444,49.52777777777778,Satisfactory,alandur
2023-01-29,60.387743055555546,98.1978587962963,48.60589861111111,1072.7893518518517,16.953564814814815,38.310937499999994,60.708333333333336,20.75,131.70833333333334,64.57567708333333,1034.9479166666667,130.08333333333334,51.75,Satisfactory,alandur
2023-01-30,43.36655092592593,74.4652199074074,49.566287037037036,1186.2962962962963,13.500474537037038,28.051099537037036,61.43055555555556,16.90277777777778,100.76388888888889,50.22432388117284,1179.1811342592591,93.52777777777777,58.875,Satisfactory,alandur
2023-01-31,53.77421296296296,86.75635416666667,52.09227592592592,859.9074074074074,17.40394675925926,31.110173611111108,65.04166666666667,21.430555555555557,96.94444444444444,47.770096932870366,891.763599537037,88.19444444444444,44.56944444444444,Satisfactory,alandur
2023-02-01,52.04043981481482,83.71276620370371,57.42303333333333,909.6759259259259,15.545208333333331,30.353680555555556,71.31944444444444,19.458333333333332,110.59722222222223,54.99958188657408,947.7387152777778,105.94444444444444,47.40277777777778,Satisfactory,alandur
2023-02-02,53.11858796296296,88.570625,57.64251898148148,930.625,15.79693287037037,48.55210648148148,70.80555555555556,19.76388888888889,88.75,48.14607204861111,892.7126736111111,85.56944444444444,44.625,Satisfactory,alandur
2023-02-03,51.03625,76.60458333333332,51.20488981481481,857.7777777777778,20.181979166666665,49.7730787037037,63.47222222222222,24.15277777777778,104.44444444444444,55.65853298611111,869.9855324074074,102.59722222222223,43.541666666666664,Satisfactory,alandur
2023-02-04,61.65663194444445,94.22651620370371,60.768606481481484,920.3935185185185,25.483969907407406,51.815162037037034,74.125,28.75,106.45833333333333,54.04854263117284,937.8385416666666,98.5,46.875,Satisfactory,alandur
2023-02-05,57.564618055555556,90.76355324074073,60.305286574074074,928.5300925925926,18.70903935185185,46.26844907407408,73.23611111111111,23.38888888888889,130.68055555555554,64.35782118055556,900.4788773148148,128.125,45.0,Moderate,alandur
2023-02-06,55.71986111111111,91.64,59.74914166666666,930.7638888888889,17.991284722222222,33.171597222222225,73.29166666666667,22.444444444444443,110.5,55.926751543209875,973.8990162037038,104.76388888888889,48.72222222222222,Moderate,alandur
2023-02-07,51.229305555555555,83.52873842592592,61.19064907407407,944.1319444444445,16.530208333333334,34.01202546296296,74.33333333333333,20.458333333333332,102.76388888888889,51.85061246141975,910.0810185185186,94.54166666666667,45.44444444444444,Satisfactory,alandur
2023-02-08,47.24894675925926,83.3784837962963,67.48273055555555,1090.1041666666667,22.669641203703705,29.168043981481485,81.13888888888889,28.02777777777778,104.58333333333333,49.84541521990741,1064.4791666666667,89.26388888888889,53.166666666666664,Satisfactory,alandur
2023-02-09,47.77765046296296,88.48547453703704,67.78172453703704,1023.1944444444445,20.601388888888888,22.196770833333332,81.80555555555556,25.5,110.70833333333333,49.26090277777777,1017.1643518518517,92.98611111111111,50.888888888888886,Satisfactory,alandur
2023-02-10,42.87681712962963,83.71230324074074,73.9278013888889,1234.9421296296296,25.399247685185188,21.671377314814816,89.04166666666667,29.291666666666668,109.45833333333333,43.4411930941358,1217.7965856481483,80.65277777777777,60.05555555555556,Moderate,alandur
2023-02-11,58.33883101851851,97.39804398148148,78.64307638888889,1096.9212962962963,22.118148148148148,28.449016203703707,94.05555555555556,26.52777777777778,113.52777777777777,47.694362943672836,1095.5526620370372,90.01388888888889,54.65277777777778,Moderate,alandur
2023-02-12,65.75005787037037,106.90650462962964,75.27963888888888,1162.8472222222222,19.501041666666666,27.336724537037036,89.61111111111111,23.541666666666668,150.34722222222223,67.94234423225309,1170.3718171296296,140.88888888888889,58.5,Satisfactory,alandur
2023-02-13,67.94336805555555,110.85675925925926,75.52010046296296,1098.1944444444443,23.691712962962963,24.87611111111111,90.81944444444444,28.26388888888889,152.08333333333334,67.50709924768518,1134.5674189814815,140.84722222222223,56.791666666666664,Satisfactory,alandur
2023-02-14,56.04733796296296,120.45189814814815,71.53175879629629,1155.949074074074,22.873784722222222,23.8709375,86.0,27.98611111111111,133.33333333333334,59.525687210648144,1133.3217592592594,120.30555555555556,56.666666666666664,Satisfactory,alandur
2023-02-15,53.49519675925926,95.42862268518519,74.45981527777776,1033.0555555555557,20.718865740740743,29.881365740740744,89.58333333333333,25.930555555555557,118.79166666666667,53.34241367669753,1037.4059606481483,104.70833333333333,51.90277777777778,Satisfactory,alandur
2023-02-16,57.84358796296297,105.68081018518518,72.39268564814815,938.125,15.130243055555557,22.964062499999997,85.84722222222223,18.875,125.45833333333333,56.7133415316358,991.8214699074074,114.97222222222223,49.625,Satisfactory,alandur
2023-02-17,63.31170138888889,102.49523148148148,68.24924398148147,890.7060185185186,14.21107638888889,21.565127314814813,81.36111111111111,17.77777777777778,143.44444444444446,64.3341121720679,888.9742476851852,133.25,44.47222222222222,Satisfactory,alandur
2023-02-18,57.35300925925927,102.41418981481482,76.06114444444444,911.9907407407406,14.085983796296297,16.73210648148148,88.83333333333333,17.625,146.44444444444446,61.00811390817901,877.4565972222222,131.59722222222223,43.861111111111114,Satisfactory,alandur
2023-02-19,41.155011574074074,75.66358796296296,52.7197912037037,889.2361111111111,14.885891203703702,16.30650462962963,64.13888888888889,18.583333333333332,109.20833333333333,47.54448832947531,892.7748842592592,96.25,44.56944444444444,Satisfactory,alandur
2023-02-20,38.023148148148145,74.21863425925926,64.18148101851851,916.5046296296296,14.003761574074074,18.625324074074072,77.76388888888889,17.458333333333332,98.76388888888889,38.476531635802466,904.9913194444445,73.73611111111111,45.263888888888886,Satisfactory,alandur
2023-02-21,41.70623842592593,88.32314814814815,72.77408194444445,939.5486111111111,14.54866898148148,25.038981481481482,86.79166666666667,18.15277777777778,109.36111111111111,39.057545331790124,957.4696180555555,76.41666666666667,47.84722222222222,Satisfactory,alandur
2023-02-22,44.88206018518518,93.43517361111111,66.36582777777778,948.5069444444445,14.872719907407408,26.076898148148146,80.36111111111111,18.5,105.68055555555556,39.58342930169753,918.6574074074074,77.15277777777777,45.90277777777778,Moderate,alandur
2023-02-23,46.36744212962963,93.94105324074074,61.161731018518516,938.3101851851851,12.891354166666666,21.75855324074074,74.06944444444444,15.902777777777779,114.48611111111111,48.64979600694445,966.4858217592594,97.33333333333333,48.34722222222222,Satisfactory,alandur
2023-02-24,34.286828703703705,75.87253472222223,59.517166203703695,1032.0833333333333,12.621967592592592,17.861435185185186,72.68055555555556,15.583333333333334,89.36111111111111,39.835415219907404,1029.8625578703704,70.22222222222223,51.52777777777778,Satisfactory,alandur
2023-02-25,35.77454861111111,85.88274305555555,72.67557777777778,1003.5416666666666,12.551122685185184,22.963148148148147,86.47222222222223,15.48611111111111,97.875,34.74371238425926,992.3972800925926,59.333333333333336,49.68055555555556,Satisfactory,alandur
2023-02-26,34.773715277777775,90.79619212962963,74.10968703703703,1082.6273148148148,12.846458333333333,23.336377314814815,86.16666666666667,15.88888888888889,109.625,35.5959375,1087.1831597222222,65.68055555555556,54.31944444444444,Satisfactory,alandur
2023-02-27,32.592395833333335,94.68081018518518,57.9938875,1134.4328703703704,13.131608796296296,27.12201388888889,70.93055555555556,16.208333333333332,89.625,33.62973379629629,1110.8260995370372,61.013888888888886,55.611111111111114,Moderate,alandur
2023-02-28,33.58751157407407,89.92898148148147,49.77330462962963,983.0787037037038,13.175729166666665,27.29693287037037,61.513888888888886,16.291666666666668,82.13888888888889,31.43268325617284,1010.9780092592594,55.736111111111114,50.5,Moderate,alandur
2023-03-01,30.059259259259264,81.41645833333332,47.850569444444446,973.0439814814815,13.53304398148148,36.15229166666667,58.77777777777778,16.680555555555557,79.95833333333333,31.71903983410494,983.4215856481483,56.44444444444444,49.125,Moderate,alandur
2023-03-02,44.7819212962963,97.82273148148148,61.009416203703694,1009.3402777777778,13.23736111111111,36.53981481481482,74.09722222222223,16.305555555555557,93.38888888888889,36.420336612654324,992.4537037037036,67.27777777777777,49.666666666666664,Moderate,alandur
2023-03-03,51.95484953703704,117.06927083333335,76.6719486111111,945.9375,12.491122685185184,29.444224537037037,91.29166666666667,15.416666666666666,111.01388888888889,50.92980034722222,957.7358217592594,100.09722222222223,47.833333333333336,Satisfactory,alandur
2023-03-04,55.977858796296296,121.38800925925926,77.17480509259259,990.4050925925926,13.376423611111111,27.335798611111112,91.65277777777777,16.48611111111111,121.29166666666667,55.12113088348766,966.1183449074074,111.81944444444444,48.25,Satisfactory,alandur
2023-03-05,40.76091435185185,91.78383101851851,71.14185462962962,899.0972222222222,12.62273148148148,25.629583333333333,84.625,15.48611111111111,97.97222222222223,46.450258487654324,923.4215856481483,87.52777777777777,46.166666666666664,Satisfactory,alandur
2023-03-06,39.15378472222223,86.669375,59.772706944444444,816.724537037037,14.091608796296295,22.31851851851852,72.625,17.333333333333332,86.31944444444444,40.100833333333334,833.7008101851852,71.58333333333333,41.68055555555556,Moderate,alandur
2023-03-07,38.89185185185185,88.28377314814814,55.691257407407406,961.1921296296296,12.785439814814815,30.843541666666667,68.25,15.722222222222221,82.69444444444444,38.49048707561728,912.0182291666666,66.23611111111111,45.59722222222222,Moderate,alandur
2023-03-08,36.94165509259259,77.04731481481481,49.06438796296296,1031.7592592592594,13.623715277777777,40.15953703703704,60.59722222222222,16.76388888888889,75.31944444444444,36.36685763888889,1029.5732060185185,61.416666666666664,51.47222222222222,Satisfactory,alandur
2023-03-09,42.766018518518514,85.35151620370371,51.520573148148145,1084.675925925926,13.525081018518518,37.48865740740741,63.56944444444444,16.75,81.98611111111111,42.50676070601852,1098.5460069444443,73.41666666666667,54.93055555555556,Moderate,alandur
2023-03-10,50.6831712962963,90.40842592592593,52.10498333333333,1144.9421296296296,14.32556712962963,40.36565972222222,64.41666666666667,17.77777777777778,86.55555555555556,45.688850308641975,1132.052951388889,80.0,56.513888888888886,Satisfactory,alandur
2023-03-11,50.88451388888889,93.17072916666667,57.219301388888894,1208.6921296296296,14.026909722222221,40.17112268518518,68.63888888888889,17.319444444444443,105.66666666666667,52.59453076774692,1172.5549768518517,95.43055555555556,58.583333333333336,Satisfactory,alandur
2023-03-12,42.34714120370371,86.36163194444445,49.23656898148148,1030.9606481481483,12.000717592592592,38.95577546296297,61.09722222222222,14.916666666666666,87.01388888888889,45.74365692515432,1091.8055555555557,80.65277777777777,54.583333333333336,Satisfactory,alandur
2023-03-13,41.30425925925926,82.97863425925927,53.333576388888886,1030.7291666666667,12.08773148148148,34.23722222222222,66.01388888888889,14.958333333333334,80.43055555555556,41.90958381558642,1038.956886574074,71.04166666666667,51.93055555555556,Satisfactory,alandur
2023-03-14,46.021562499999995,92.01722222222222,57.46418009259259,1200.5902777777778,17.68625,38.56256944444445,69.83333333333333,21.09722222222222,90.19444444444444,42.50903886959876,1169.7135416666667,73.38888888888889,58.52777777777778,Satisfactory,alandur
2023-03-15,50.39293981481481,94.9579050925926,56.4829462962963,1155.4745370370372,38.601712962962964,31.23046296296296,68.69444444444444,38.666666666666664,109.83333333333333,48.70520447530865,1166.3266782407409,89.45833333333333,58.333333333333336,Moderate,alandur
2023-03-16,29.011851851851855,58.67263888888889,46.47170694444444,1119.9768518518517,46.10636574074074,25.726122685185185,57.291666666666664,44.05555555555556,89.95833333333333,38.5735546875,1116.40625,65.81944444444444,55.833333333333336,Satisfactory,alandur
2023-03-17,29.999918981481486,85.55921296296296,44.21853564814815,1149.0277777777778,41.77121527777778,25.12587962962963,54.986111111111114,37.888888888888886,79.51388888888889,29.848172743055557,1136.066261574074,49.791666666666664,56.84722222222222,Satisfactory,alandur
2023-03-18,22.93644675925926,66.23748842592593,47.281934722222225,1153.8194444444443,14.757627314814815,22.83675925925926,58.513888888888886,18.416666666666668,69.16666666666667,26.55560763888889,1162.6895254629628,44.30555555555556,58.111111111111114,Satisfactory,alandur
2023-03-19,21.27320601851852,53.50881944444445,46.81132546296296,1096.388888888889,13.880219907407408,20.382893518518518,58.22222222222222,17.319444444444443,65.88888888888889,21.689114583333335,1099.8061342592594,36.111111111111114,54.986111111111114,Satisfactory,alandur
2023-03-20,17.555590277777778,50.45048611111111,45.04236296296296,1187.199074074074,13.87488425925926,21.800509259259258,55.93055555555556,17.26388888888889,68.04166666666667,19.561042148919753,1158.3984375,32.583333333333336,57.958333333333336,Satisfactory,alandur
2023-03-21,22.252152777777777,47.997569444444444,44.9679462962963,1211.0416666666667,14.419328703703703,21.94185185185185,55.90277777777778,18.01388888888889,68.95833333333333,19.066167534722222,1223.6776620370372,31.72222222222222,61.18055555555556,Satisfactory,alandur
2023-03-22,17.172291666666666,85.83695601851852,44.16609583333334,968.6921296296296,11.88574074074074,25.466284722222223,55.041666666666664,14.833333333333334,65.70833333333333,19.637521701388888,1051.2254050925926,32.736111111111114,52.56944444444444,Satisfactory,alandur
2023-03-23,15.882824074074072,27.62008101851852,47.44493333333333,1220.1620370370372,13.126354166666665,22.539699074074075,58.916666666666664,16.375,71.54166666666667,16.87679012345679,1121.7881944444443,28.083333333333332,56.09722222222222,Satisfactory,alandur
2023-03-24,20.132719907407406,35.57515046296297,54.23175509259259,1112.6851851851852,18.85796296296296,25.354444444444443,66.80555555555556,23.59722222222222,77.55555555555556,19.050621624228395,1185.7957175925926,31.76388888888889,59.291666666666664,Satisfactory,alandur
2023-03-25,13.801828703703704,25.782395833333332,41.58068240740741,1028.3564814814815,17.476759259259257,23.466805555555553,51.94444444444444,21.875,60.138888888888886,16.105163001543207,974.1724537037038,26.833333333333332,48.75,Satisfactory,alandur
2023-03-26,13.40263888888889,24.70494212962963,41.72975509259259,954.1550925925926,14.122569444444444,22.393055555555556,52.041666666666664,17.65277777777778,59.30555555555556,14.033682002314814,974.6166087962962,23.40277777777778,48.708333333333336,Satisfactory,alandur
2023-03-27,17.544502314814814,32.85681712962963,41.171782407407406,899.849537037037,20.353020833333332,23.301342592592594,51.40277777777778,25.416666666666668,61.59722222222222,14.25857638888889,912.9542824074074,23.791666666666668,45.611111111111114,Satisfactory,alandur
2023-03-28,18.296180555555555,36.61717592592592,46.02607731481481,1063.611111111111,28.400613425925926,23.46472222222222,57.111111111111114,35.513888888888886,73.51388888888889,18.70881462191358,1048.7442129629628,31.23611111111111,52.44444444444444,Satisfactory,alandur
2023-03-29,22.645405092592593,40.39386574074074,44.37511527777778,989.2245370370371,33.96704861111111,27.4259375,55.43055555555556,42.19444444444444,75.33333333333333,20.662878568672838,987.9904513888889,34.47222222222222,49.333333333333336,Satisfactory,alandur
2023-03-30,22.7753125,145.16791666666666,51.20112546296296,1183.3564814814815,34.324305555555554,28.814062500000002,63.19444444444444,42.388888888888886,87.41666666666667,21.558504050925926,1111.1226851851852,35.94444444444444,54.47222222222222,Satisfactory,alandur
2023-03-31,34.2452199074074,265.25489583333336,67.00642037037036,1409.8148148148148,24.647534722222222,24.41644675925926,81.56944444444444,30.416666666666668,92.72222222222223,29.070831404320984,1448.1438078703704,48.55555555555556,66.38888888888889,Satisfactory,alandur
2023-04-01,31.219097222222224,83.67075231481482,110.20755833333334,1145.925925925926,19.093831018518518,24.345127314814814,119.80555555555556,23.805555555555557,125.26388888888889,33.53319155092592,1180.5309606481483,55.90277777777778,58.09722222222222,Satisfactory,alandur
2023-04-02,28.33935185185185,92.7094212962963,55.773920833333335,1121.4351851851852,27.94013888888889,28.25929398148148,68.875,34.875,90.18055555555556,29.6882455632716,1142.2916666666667,49.486111111111114,57.111111111111114,Satisfactory,alandur
2023-04-03,30.519664351851855,176.4649537037037,62.43486527777778,1202.6157407407406,24.654699074074074,32.976215277777776,76.0,30.805555555555557,91.90277777777777,29.588396990740744,1112.7502893518517,49.333333333333336,55.125,Satisfactory,alandur
2023-04-04,29.529756944444443,127.43905092592591,60.76262268518518,1090.0810185185185,11.303206018518518,25.2346875,74.38888888888889,14.194444444444445,82.84722222222223,29.90681712962963,1125.8579282407406,49.81944444444444,55.791666666666664,Satisfactory,alandur
2023-04-05,25.437152777777776,57.16368055555555,53.100121296296294,1194.2476851851852,5.301111111111111,29.21934027777778,66.02777777777777,6.652777777777778,74.40277777777777,28.757730516975307,1188.3666087962963,47.94444444444444,58.52777777777778,Satisfactory,alandur
2023-04-06,16.574166666666667,45.40704861111111,56.376021296296294,1300.3703703703704,9.117581018518518,27.581319444444446,69.72222222222223,11.416666666666666,77.36111111111111,19.429378375771606,1289.4241898148148,32.375,61.291666666666664,Satisfactory,alandur
2023-04-07,14.97076388888889,26.12679398148148,60.66544583333333,1437.5231481481483,14.656157407407408,23.953159722222225,72.86111111111111,18.26388888888889,85.45833333333333,15.660920621141976,1338.7239583333333,26.069444444444443,62.791666666666664,Satisfactory,alandur
2023-04-08,19.03355324074074,26.439409722222223,78.75411388888888,1824.0625,8.33275462962963,26.55648148148148,89.66666666666667,10.430555555555555,100.13888888888889,17.22080825617284,1863.353587962963,28.680555555555557,72.68055555555556,Satisfactory,alandur
2023-04-09,22.574699074074076,37.072303240740744,86.09277222222222,1469.699074074074,9.429467592592593,24.65216435185185,96.36111111111111,11.833333333333334,101.93055555555556,20.711896219135802,1500.2748842592594,34.541666666666664,64.29166666666667,Satisfactory,alandur
2023-04-10,26.00541666666667,44.11796296296296,80.98994305555556,1290.625,12.271724537037038,26.199479166666666,92.25,15.38888888888889,97.97222222222223,24.420123456790122,1402.8587962962963,40.75,61.30555555555556,Satisfactory,alandur
2023-04-11,27.51417824074074,52.193761574074074,88.76963981481481,958.6689814814815,18.878854166666667,31.659004629629628,102.69444444444444,23.63888888888889,109.125,26.605811631944444,934.1073495370371,44.34722222222222,46.666666666666664,Satisfactory,alandur
2023-04-12,36.82508101851852,66.3682060185185,103.70393333333332,1455.8101851851852,17.460185185185182,35.00581018518519,118.44444444444444,21.77777777777778,125.06944444444444,31.389133391203707,1300.0737847222222,52.361111111111114,64.125,Satisfactory,alandur
2023-04-13,48.65142361111111,92.50548611111111,101.81596944444443,1399.861111111111,12.598148148148148,33.955173611111114,116.97222222222223,15.708333333333334,122.51388888888889,45.57568576388889,1424.0653935185185,87.0,62.97222222222222,Satisfactory,alandur
2023-04-14,40.82861111111111,69.09945601851852,94.26803055555554,1626.3310185185185,12.562974537037038,33.52494212962963,108.56944444444444,15.652777777777779,115.01388888888889,44.042666377314816,1656.618923611111,79.30555555555556,72.70833333333333,Satisfactory,alandur
2023-04-15,36.86243055555556,60.818275462962966,83.25999953703703,1359.988425925926,14.962847222222223,29.447789351851853,97.75,18.694444444444443,101.04166666666667,38.30136766975309,1360.212673611111,64.05555555555556,62.18055555555556,Satisfactory,alandur
2023-04-16,33.262060185185184,58.31856481481481,71.2490625,1440.8796296296296,14.585358796296296,40.1769675925926,85.625,18.166666666666668,90.48611111111111,34.53926022376543,1443.5445601851852,57.55555555555556,66.19444444444444,Satisfactory,alandur
2023-04-17,39.930092592592594,65.73542824074075,83.79834537037037,1311.9907407407406,15.335925925925928,36.5196875,98.65277777777777,19.125,101.38888888888889,38.15675057870371,1344.5355902777778,66.56944444444444,63.22222222222222,Satisfactory,alandur
2023-04-18,33.204687500000006,56.97763888888889,76.80122037037036,1354.5949074074074,18.795034722222223,33.080219907407404,91.54166666666667,23.40277777777778,97.38888888888889,35.0293856095679,1322.6490162037037,58.44444444444444,65.55555555555556,Satisfactory,alandur
2023-04-19,31.642025462962962,47.31896990740741,78.61772685185184,1713.5532407407406,21.172002314814815,31.734143518518522,93.875,26.416666666666668,108.23611111111111,32.63530719521605,1708.1770833333333,54.40277777777778,79.19444444444444,Moderate,alandur
2023-04-20,31.112858796296297,52.966342592592596,73.25609305555555,1313.2523148148148,22.20699074074074,36.03233796296296,87.75,27.694444444444443,99.22222222222223,29.463238811728395,1371.1820023148148,49.06944444444444,66.38888888888889,Satisfactory,alandur
2023-04-21,31.2202662037037,47.77873842592592,60.80126712962962,1277.9976851851852,23.08398148148148,34.540659722222216,75.13888888888889,28.819444444444443,86.25,32.60850356867284,1287.3799189814815,54.333333333333336,61.736111111111114,Satisfactory,alandur
2023-04-22,33.46925925925925,44.80631944444444,63.008700462962956,1447.3842592592594,24.17886574074074,30.528518518518517,77.25,29.930555555555557,90.81944444444444,33.39637152777778,1407.2583912037037,55.65277777777778,68.31944444444444,Satisfactory,alandur
2023-04-23,22.557418981481483,29.5896875,58.6764537037037,1226.5972222222222,20.895972222222223,28.696307870370372,72.09722222222223,25.77777777777778,84.51388888888889,28.1257634066358,1282.1137152777778,46.93055555555556,59.708333333333336,Satisfactory,alandur
2023-04-24,20.25315972222222,34.09021990740741,67.57209583333332,1407.8472222222222,25.10741898148148,28.10134259259259,81.43055555555556,31.09722222222222,97.98611111111111,20.562710744598764,1356.5089699074074,34.22222222222222,65.69444444444444,Satisfactory,alandur
2023-04-25,22.69903935185185,31.106817129629633,63.05191435185184,1385.6828703703704,24.12190972222222,24.579351851851854,75.56944444444444,30.01388888888889,92.29166666666667,20.701247588734567,1399.1001157407406,34.52777777777778,64.31944444444444,Satisfactory,alandur
2023-04-26,32.5577199074074,45.60601851851852,72.2831712962963,1216.0416666666667,26.07375,25.466388888888886,83.55555555555556,32.388888888888886,105.11111111111111,26.918350694444445,1245.6727430555557,44.888888888888886,58.041666666666664,Satisfactory,alandur
2023-04-27,38.66740740740741,57.973680555555546,79.80123472222222,1412.3842592592594,30.993634259259256,23.802164351851854,92.69444444444444,37.72222222222222,109.90277777777777,37.912456597222224,1319.3981481481483,64.36111111111111,61.208333333333336,Satisfactory,alandur
2023-04-28,24.786643518518517,42.48728009259259,77.00440833333333,1434.7222222222222,47.175868055555554,23.168611111111108,90.29166666666667,54.111111111111114,113.98611111111111,31.444452642746917,1513.806423611111,52.361111111111114,65.43055555555556,Moderate,alandur
2023-04-29,26.228506944444447,37.292870370370366,68.20067731481481,1298.5879629629628,26.909791666666667,23.640891203703703,81.93055555555556,33.43055555555556,92.59722222222223,24.729353298611112,1313.9105902777778,41.19444444444444,59.5,Satisfactory,alandur
2023-04-30,26.822488425925926,33.35689814814815,67.08899675925926,1129.1087962962963,21.556516203703705,27.089768518518518,80.88888888888889,26.76388888888889,90.40277777777777,27.91572193287037,1098.5532407407406,46.541666666666664,54.94444444444444,Satisfactory,alandur
2023-05-01,16.174976851851852,23.656608796296297,65.24553055555556,1330.5555555555557,30.580983796296298,23.058576388888888,78.45833333333333,37.77777777777778,96.05555555555556,20.4117684220679,1321.4713541666667,34.013888888888886,60.708333333333336,Satisfactory,alandur
2023-05-02,15.698784722222221,23.21170138888889,64.91378888888889,1660.0578703703704,31.146342592592596,23.069444444444443,77.31944444444444,36.40277777777778,101.59722222222223,15.765658757716048,1640.9389467592591,26.291666666666668,64.45833333333333,Satisfactory,alandur
2023-05-03,24.569502314814812,40.41900462962963,103.24444305555556,1611.1226851851852,47.84519675925926,22.611215277777777,118.59722222222223,52.388888888888886,132.34722222222223,19.047077546296297,1594.6484375,31.73611111111111,62.138888888888886,Satisfactory,alandur
2023-05-04,24.76915509259259,43.17400462962963,92.75867777777778,1376.4930555555557,44.551828703703706,27.754988425925927,107.20833333333333,48.986111111111114,122.34722222222223,25.525654417438272,1407.109375,42.56944444444444,62.19444444444444,Satisfactory,alandur
2023-05-05,27.364594907407408,47.99862268518519,86.87932592592593,1700.2314814814815,32.56877314814815,27.887835648148148,102.25,40.59722222222222,112.72222222222223,26.020145158179012,1707.2641782407406,43.361111111111114,65.875,Satisfactory,alandur
2023-05-06,27.558518518518518,47.45957175925926,102.39953101851852,1411.5625,40.25869212962963,31.213703703703704,117.83333333333333,49.06944444444444,127.58333333333333,26.867275752314814,1361.2876157407406,44.763888888888886,61.65277777777778,Satisfactory,alandur
2023-05-07,29.275879629629628,47.84872685185185,87.40487731481481,1469.3171296296298,43.17608796296296,36.98627314814815,102.22222222222223,48.833333333333336,115.84722222222223,28.16490451388889,1484.1073495370372,46.93055555555556,64.05555555555556,Satisfactory,alandur
2023-05-08,30.42790509259259,49.04296296296296,78.01484305555556,1216.9212962962963,60.24607638888889,36.43484953703704,92.08333333333333,61.861111111111114,119.02777777777777,29.492342303240736,1285.2893518518517,49.111111111111114,58.09722222222222,Moderate,alandur
2023-05-09,36.016099537037036,58.01289351851852,68.70782037037037,1256.9444444444443,69.03005787037037,39.17607638888889,82.34722222222223,67.19444444444444,115.27777777777777,34.001469907407404,1225.7479745370372,56.583333333333336,57.875,Moderate,alandur
2023-05-10,33.545150462962965,56.48376157407407,67.24518472222222,1211.0879629629628,56.5741087962963,37.656168981481486,81.26388888888889,54.65277777777778,107.54166666666667,35.387559799382714,1228.2219328703704,58.84722222222222,58.041666666666664,Moderate,alandur
2023-05-11,41.70664351851852,64.39512731481483,75.5182074074074,1201.1342592592594,38.15677083333333,40.86011574074074,90.47222222222223,38.875,105.80555555555556,36.68404176311728,1216.7534722222222,60.97222222222222,57.388888888888886,Moderate,alandur
2023-05-12,45.26461805555555,76.4694675925926,132.09748194444444,1293.1712962962963,46.06142361111111,44.31304398148148,142.76388888888889,43.68055555555556,161.56944444444446,44.810646219135805,1253.6617476851852,74.59722222222223,59.27777777777778,Moderate,alandur
2023-05-13,40.62127314814815,68.94534722222222,87.787775,1171.3194444444443,56.54347222222222,32.474444444444444,103.95833333333333,45.59722222222222,119.55555555555556,41.65032552083333,1182.6041666666667,69.23611111111111,55.69444444444444,Moderate,alandur
2023-05-14,37.40456018518518,68.3041087962963,91.90334305555555,1346.111111111111,59.80450231481481,37.31157407407407,107.27777777777777,46.22222222222222,130.94444444444446,40.9253303433642,1341.8518518518517,68.06944444444444,63.666666666666664,Moderate,alandur
2023-05-15,36.83040509259259,67.35399305555556,82.55499953703703,1464.2824074074074,58.06866898148149,36.493854166666665,97.90277777777777,46.47222222222222,121.45833333333333,35.08776523919753,1387.1672453703704,58.291666666666664,62.375,Moderate,alandur
2023-05-16,40.56502314814815,71.94578703703704,80.7697175925926,1395.6018518518517,35.294259259259256,40.123275462962965,96.45833333333333,33.888888888888886,113.02777777777777,37.20401813271605,1445.8550347222222,62.0,63.34722222222222,Moderate,alandur
2023-05-17,38.21131944444445,66.51251157407407,93.70385648148148,1603.0787037037037,11.428252314814815,34.45982638888889,104.94444444444444,14.277777777777779,121.84722222222223,41.9876847029321,1518.0671296296296,72.09722222222223,63.94444444444444,Satisfactory,alandur
2023-05-18,30.833645833333335,56.06987268518518,40.84217314814814,2035.7175925925924,12.472685185185185,32.07527777777778,51.06944444444444,15.527777777777779,84.65277777777777,33.4532918595679,2049.7410300925926,55.708333333333336,69.73611111111111,Satisfactory,alandur
2023-05-19,32.32479166666667,57.35023148148147,171.82407962962964,1932.4652777777778,11.196631944444444,29.920694444444443,177.40277777777777,13.98611111111111,183.15277777777777,31.512347125771605,1962.2251157407409,52.486111111111114,69.63888888888889,Satisfactory,alandur
2023-05-20,31.358969907407406,56.360081018518514,92.00347916666666,1717.673611111111,11.202164351851852,37.92409722222222,105.38888888888889,13.958333333333334,112.47222222222223,31.43642939814815,1811.3758680555557,52.333333333333336,67.19444444444444,Satisfactory,alandur
2023-05-21,28.664375,54.46104166666667,75.55887546296296,1767.824074074074,10.990787037037038,29.407812500000002,87.90277777777777,13.75,97.44444444444444,31.206777584876548,1551.4120370370372,52.013888888888886,63.94444444444444,Satisfactory,alandur
2023-05-22,29.109456018518514,58.48924768518519,56.53925925925926,2328.9699074074074,11.00125,30.025879629629628,68.01388888888889,13.694444444444445,87.36111111111111,28.29395302854938,2435.853587962963,47.18055555555556,77.47222222222223,Good,alandur
2023-05-23,31.36115740740741,59.77711805555556,59.61828148148148,1824.0625,10.712256944444444,34.00737268518518,73.09722222222223,13.36111111111111,82.56944444444444,29.61697048611111,1857.9586226851852,49.31944444444444,65.06944444444444,Satisfactory,alandur
2023-05-24,33.339872685185185,60.02070601851852,81.64467916666666,1588.136574074074,10.97539351851852,36.83133101851852,95.93055555555556,13.722222222222221,101.75,31.864772858796293,1627.1281828703704,53.09722222222222,63.416666666666664,Satisfactory,alandur
2023-05-25,31.934016203703703,59.86652777777778,85.02565462962963,1635.0462962962963,10.539560185185186,34.89232638888889,98.68055555555556,13.208333333333334,104.54166666666667,32.92762635030864,1602.3017939814815,54.94444444444444,62.486111111111114,Satisfactory,alandur
2023-05-26,39.22894675925926,63.23880787037038,83.41462083333333,1535.486111111111,11.151180555555555,40.13011574074074,96.125,13.902777777777779,103.93055555555556,36.58194010416666,1574.1362847222222,60.94444444444444,62.333333333333336,Good,alandur
2023-05-27,46.259988425925926,70.25451388888888,127.89600833333333,1362.3842592592594,10.94244212962963,41.41356481481481,136.98611111111111,13.63888888888889,144.44444444444446,40.822497106481485,1354.1666666666667,67.98611111111111,61.666666666666664,Satisfactory,alandur
2023-05-28,41.52815972222223,64.71943287037037,61.5583587962963,1793.9814814814815,10.915428240740741,40.55060185185185,74.19444444444444,13.666666666666666,93.48611111111111,46.30199990354939,1751.540798611111,77.22222222222223,66.125,Satisfactory,alandur
2023-05-29,47.769444444444446,75.69967592592593,57.23503333333334,1449.363425925926,11.993715277777778,36.753506944444446,69.91666666666667,14.930555555555555,84.52777777777777,41.0050390625,1567.595486111111,68.61111111111111,62.611111111111114,Satisfactory,alandur
2023-05-30,39.161875,62.294317129629626,62.06064953703703,1743.7731481481483,11.456296296296296,29.635624999999997,74.72222222222223,14.26388888888889,92.47222222222223,44.31354890046296,1654.7366898148148,77.375,64.48611111111111,Satisfactory,alandur
2023-05-31,49.82391203703704,74.65905092592592,69.90566759259258,1617.7777777777778,11.757025462962964,30.615833333333335,81.98611111111111,14.680555555555555,101.0,45.30635947145062,1585.3023726851852,75.84722222222223,66.72222222222223,Satisfactory,alandur
2023-06-01,43.85400462962963,64.73489583333334,76.61219768518518,1951.9907407407409,11.318668981481482,31.454953703703705,87.93055555555556,14.222222222222221,111.90277777777777,47.88993441358025,1971.71875,81.22222222222223,69.61111111111111,Satisfactory,alandur
2023-06-02,92.25516203703704,76.51090277777777,72.2772962962963,1582.7083333333333,11.597916666666666,36.55359953703704,84.68055555555556,14.51388888888889,145.31944444444446,74.65070071373458,1626.613136574074,140.61111111111111,63.34722222222222,Satisfactory,alandur
2023-06-03,48.33936342592593,71.98296296296297,64.97604212962963,1536.4351851851852,11.784074074074075,28.780011574074074,77.30555555555556,14.652777777777779,123.33333333333333,63.936767939814814,1525.519386574074,116.40277777777777,62.388888888888886,Satisfactory,alandur
2023-06-04,58.57908564814815,64.68594907407407,80.39545833333334,2000.1967592592591,11.581215277777778,26.301516203703706,93.125,14.5,117.06944444444444,52.4953125,1962.361111111111,98.02777777777777,72.375,Satisfactory,alandur
2023-06-05,45.83491898148148,82.78237268518518,75.68383888888889,1482.1412037037037,12.023495370370371,20.885937499999997,87.70833333333333,15.11111111111111,121.75,55.27870322145062,1576.3556134259259,107.55555555555556,68.20833333333333,Good,alandur
2023-06-06,33.355497685185185,64.60450231481482,102.3952662037037,897.1064814814814,13.81787037037037,22.518298611111113,110.20833333333333,17.26388888888889,124.20833333333333,37.62010127314815,909.1391782407408,62.763888888888886,45.388888888888886,Satisfactory,alandur
2023-06-07,41.47787037037037,74.9226388888889,67.43092175925926,862.6967592592592,14.655127314814813,26.97070601851852,78.34722222222223,18.305555555555557,90.91666666666667,35.08394000771605,894.0538194444445,58.583333333333336,44.72222222222222,Satisfactory,alandur
2023-06-08,32.75061342592593,59.71001157407407,68.2913699074074,1032.9282407407406,13.673784722222223,32.92104166666667,79.52777777777777,17.083333333333332,94.63888888888889,39.65099826388889,962.4074074074074,66.61111111111111,48.125,Satisfactory,alandur
2023-06-09,29.029791666666668,56.528449074074075,65.97918750000001,1222.9398148148148,13.686319444444443,31.512638888888887,77.41666666666667,17.09722222222222,94.04166666666667,30.576477623456793,1240.9924768518517,50.97222222222222,61.27777777777778,Satisfactory,alandur
2023-06-10,28.54164351851852,56.998796296296305,87.83083657407407,1161.25,13.717534722222222,31.99957175925926,98.0,17.09722222222222,114.19444444444444,28.753198302469134,1188.1235532407406,47.888888888888886,59.416666666666664,Satisfactory,alandur
2023-06-11,23.383310185185184,52.17296296296296,72.77434305555556,1183.1828703703704,6.229594907407407,28.036250000000003,85.52777777777777,7.791666666666667,91.30555555555556,27.17415027006173,1138.1785300925924,45.291666666666664,53.80555555555556,Satisfactory,alandur
2023-06-12,26.727939814814814,51.859722222222224,71.5972324074074,1158.4143518518517,5.867893518518518,28.673761574074074,84.30555555555556,7.319444444444445,91.45833333333333,23.760127797067902,1175.9360532407406,39.56944444444444,58.625,Satisfactory,alandur
2023-06-13,30.412731481481483,56.06890046296296,92.4280675925926,1174.0393518518517,6.339560185185185,31.608738425925928,104.68055555555556,7.958333333333333,108.26388888888889,28.695914351851854,1137.1744791666667,47.81944444444444,56.833333333333336,Satisfactory,alandur
2023-06-14,36.09981481481481,69.01153935185185,80.23731203703704,1151.6550925925926,5.566747685185185,29.58672453703704,92.09722222222223,6.916666666666667,102.94444444444444,32.63849874614198,1123.4534143518517,54.34722222222222,56.166666666666664,Satisfactory,alandur
2023-06-15,37.25415509259259,73.86952546296295,76.65802268518519,1029.4444444444443,6.255335648148148,33.24715277777778,87.95833333333333,7.777777777777778,102.375,38.8810296103395,1173.755787037037,64.76388888888889,55.625,Satisfactory,alandur
2023-06-16,35.17082175925926,66.65239583333333,102.76632685185184,1056.8981481481483,6.147418981481482,30.263437500000002,111.23611111111111,7.652777777777778,126.27777777777777,35.06428722993827,997.8457754629629,58.416666666666664,49.861111111111114,Satisfactory,alandur
2023-06-17,34.50609953703704,66.20385416666666,66.82344675925926,975.4513888888889,6.240798611111111,29.5509375,77.875,7.75,92.16666666666667,36.29633198302469,961.2572337962962,60.5,48.15277777777778,Satisfactory,alandur
2023-06-18,25.607754629629632,54.31921296296296,54.81331481481481,1359.8495370370372,6.8163425925925925,23.66236111111111,65.41666666666667,8.5,85.0,28.920031346450614,1314.2520254629628,48.236111111111114,64.86111111111111,Satisfactory,alandur
2023-06-19,25.401979166666667,48.9840625,93.83310648148148,1443.4837962962963,6.491145833333333,26.4915625,104.45833333333333,8.069444444444445,124.06944444444444,25.16972800925926,1437.443576388889,41.94444444444444,69.0,Satisfactory,alandur
2023-06-20,27.959699074074074,48.888900462962965,72.79320833333333,1447.5694444444443,5.812673611111111,31.03509259259259,84.36111111111111,7.236111111111111,110.90277777777777,26.87016444830247,1446.4771412037037,44.72222222222222,68.93055555555556,Moderate,alandur
2023-06-21,31.265925925925924,50.45640046296296,63.88033287037037,1387.2337962962963,6.355196759259259,28.81060185185185,75.52777777777777,7.916666666666667,88.88888888888889,28.94283805941358,1343.3579282407406,48.22222222222222,65.02777777777777,Satisfactory,alandur
2023-06-22,38.291493055555556,60.909178240740744,76.70423935185185,1298.6574074074074,6.354502314814814,29.697453703703705,88.40277777777777,7.958333333333333,101.06944444444444,35.44605275848765,1353.6342592592594,59.05555555555556,65.98611111111111,Satisfactory,alandur
2023-06-23,34.48353009259259,58.76974537037037,67.02021574074075,1685.6712962962963,6.151736111111111,30.52934027777778,78.33333333333333,7.708333333333333,106.5,36.956702835648144,1633.3666087962963,61.56944444444444,80.59722222222223,Satisfactory,alandur
2023-06-24,27.844756944444445,51.51253472222223,72.82578194444444,1400.2430555555557,6.47568287037037,28.528483796296296,84.25,8.125,110.36111111111111,31.61174189814815,1469.21875,52.68055555555556,73.47222222222223,Satisfactory,alandur
2023-06-25,30.183738425925924,55.86259259259259,66.29239027777777,1447.7777777777778,6.969027777777778,29.19351851851852,77.08333333333333,8.75,94.91666666666667,27.414559220679013,1382.1846064814815,45.666666666666664,66.93055555555556,Satisfactory,alandur
2023-06-26,29.169780092592596,54.11986111111111,62.11132685185185,1420.8333333333333,7.019814814814815,28.55225694444444,73.29166666666667,8.791666666666666,91.98611111111111,30.19813802083333,1436.6652199074074,50.333333333333336,68.26388888888889,Satisfactory,alandur
2023-06-27,29.868495370370372,60.12002314814814,60.166984722222224,1426.7129629629628,6.3728240740740745,32.09174768518519,71.01388888888889,7.972222222222222,85.93055555555556,28.54658998842593,1371.2630208333333,47.59722222222222,63.06944444444444,Satisfactory,alandur
2023-06-28,25.037754629629628,61.4712037037037,60.806075925925924,1223.2060185185185,5.044976851851852,28.946342592592593,71.75,6.333333333333333,88.04166666666667,29.425770640432102,1308.068576388889,49.05555555555556,61.625,Satisfactory,alandur
2023-06-29,21.851145833333334,51.430092592592594,87.04846064814814,1268.8425925925926,5.144618055555556,30.38428240740741,95.5,6.375,119.94444444444444,22.311503182870368,1300.105613425926,37.18055555555556,64.83333333333333,Satisfactory,alandur
2023-06-30,24.07645833333333,51.569965277777776,69.72376018518518,1004.1203703703704,5.00505787037037,29.631886574074073,80.40277777777777,6.208333333333333,95.98611111111111,20.89644290123457,1037.578125,34.77777777777778,51.90277777777778,Satisfactory,alandur
2023-07-01,25.1403125,61.15487268518518,60.64971388888888,1245.451388888889,5.049062500000001,28.44065972222222,71.05555555555556,6.263888888888889,90.40277777777777,27.285936053240743,1227.5853587962963,45.513888888888886,61.333333333333336,Satisfactory,alandur
2023-07-02,27.369490740740744,65.24961805555556,56.372887962962956,1126.7708333333333,5.367233796296296,24.28878472222222,67.40277777777777,6.763888888888889,84.55555555555556,26.110617283950617,1118.9554398148148,43.52777777777778,55.97222222222222,Satisfactory,alandur
2023-07-03,29.942060185185184,63.346157407407404,54.91930416666666,1048.2175925925926,5.376956018518518,27.17792824074074,66.09722222222223,6.736111111111111,82.33333333333333,26.57230179398148,1036.8041087962963,44.27777777777778,51.791666666666664,Satisfactory,alandur
2023-07-04,27.7671412037037,65.5402199074074,60.32687175925926,1109.8148148148148,5.258391203703704,27.759699074074074,71.25,6.541666666666667,91.68055555555556,29.90174816743827,1099.1261574074074,49.80555555555556,54.93055555555556,Satisfactory,alandur
2023-07-05,27.332256944444445,66.4220949074074,73.34415277777777,943.9467592592594,6.10994212962963,26.92298611111111,84.15277777777777,7.569444444444445,100.05555555555556,27.273983892746912,1021.6767939814813,45.458333333333336,51.09722222222222,Satisfactory,alandur
2023-07-06,25.778935185185183,63.15241898148148,62.03680138888889,1189.6412037037037,5.970497685185185,27.987800925925924,73.15277777777777,7.5,94.06944444444444,27.3591015625,1105.021701388889,45.55555555555556,55.263888888888886,Satisfactory,alandur
2023-07-07,27.599212962962966,65.66130787037036,97.35741018518519,1070.6828703703704,5.540972222222222,28.336840277777778,105.69444444444444,6.944444444444445,123.47222222222223,27.039189814814815,1099.8495370370372,45.05555555555556,54.94444444444444,Satisfactory,alandur
2023-07-08,28.902650462962963,61.36837962962963,71.31917083333333,1162.9398148148148,6.263761574074074,26.603761574074074,82.43055555555556,7.875,103.22222222222223,27.946258680555555,1190.027488425926,46.583333333333336,59.486111111111114,Satisfactory,alandur
2023-07-09,21.83101851851852,58.68026620370371,57.93402777777778,1079.7222222222222,6.655891203703704,27.229386574074073,68.40277777777777,8.319444444444445,86.08333333333333,26.502945601851852,1047.5766782407406,44.166666666666664,52.388888888888886,Satisfactory,alandur
2023-07-10,22.285694444444445,60.96258101851853,57.9457125,1197.7199074074074,6.015625,28.615150462962966,68.76388888888889,7.402777777777778,89.27777777777777,20.474759355709878,1177.9311342592594,34.15277777777778,58.72222222222222,Satisfactory,alandur
2023-07-11,25.089074074074077,71.15324074074074,69.07624814814815,1296.7824074074074,6.028402777777778,30.396631944444444,81.19444444444444,7.458333333333333,98.04166666666667,22.665100308641975,1271.2138310185185,37.68055555555556,62.15277777777778,Satisfactory,alandur
2023-07-12,36.54577546296296,65.7082638888889,71.24011944444445,1347.9976851851852,5.675034722222223,30.34486111111111,84.15277777777777,7.152777777777778,101.91666666666667,33.70031828703704,1360.0853587962963,56.166666666666664,66.05555555555556,Moderate,alandur
2023-07-13,27.78179398148148,64.45947916666667,113.56579537037037,2079.7916666666665,5.784780092592593,28.788680555555555,123.30555555555556,7.25,149.55555555555554,30.617093942901235,1947.4537037037035,51.05555555555556,87.79166666666667,Satisfactory,alandur
2023-07-14,32.53204861111111,64.12475694444444,93.56492361111111,1494.8379629629628,5.523819444444444,28.20107638888889,106.05555555555556,6.986111111111111,130.38888888888889,30.076263503086423,1626.1328125,50.111111111111114,76.73611111111111,Moderate,alandur
2023-07-15,31.85240740740741,65.8241087962963,95.6933925925926,1677.9166666666667,5.567048611111111,28.09434027777778,108.44444444444444,6.972222222222222,137.23611111111111,33.30057050540123,1676.6652199074074,55.541666666666664,76.59722222222223,Moderate,alandur
2023-07-16,30.233518518518522,68.53667824074074,88.49270972222222,1470.2777777777778,5.963020833333333,25.707766203703702,101.30555555555556,7.5,120.125,29.95075810185185,1492.578125,49.861111111111114,70.5,Moderate,alandur
2023-07-17,33.90090277777778,76.67888888888889,90.3077800925926,1532.5231481481483,6.027083333333334,26.873668981481483,102.58333333333333,7.527777777777778,121.55555555555556,32.22338204089506,1509.8379629629628,53.708333333333336,71.76388888888889,Moderate,alandur
2023-07-18,39.52459490740741,75.73181712962963,104.00035972222223,1684.8379629629628,5.926944444444445,28.57480324074074,116.06944444444444,7.430555555555555,134.91666666666666,36.99647183641976,1627.3249421296298,61.625,76.36111111111111,Moderate,alandur
2023-07-19,36.42181712962963,73.93672453703704,120.76164768518518,1471.1458333333333,4.68230324074074,28.85773148148148,130.93055555555554,5.833333333333333,146.75,38.03210503472222,1483.2060185185185,63.375,71.44444444444444,Moderate,alandur
2023-07-20,41.028622685185184,79.50395833333333,106.68952129629629,1528.1944444444443,5.082164351851852,28.500266203703703,118.45833333333333,6.319444444444445,143.80555555555554,37.79245949074075,1581.3266782407406,62.958333333333336,71.80555555555556,Moderate,alandur
2023-07-21,37.353541666666665,81.40246527777778,99.70299305555555,1218.7731481481483,6.070671296296296,24.230833333333337,111.25,7.583333333333333,130.08333333333334,39.72674430941358,1337.2699652777778,68.73611111111111,62.861111111111114,Moderate,alandur
2023-07-22,32.6024537037037,75.47447916666667,92.3389851851852,1357.9398148148148,6.112164351851852,25.47170138888889,104.95833333333333,7.625,115.34722222222223,35.66279176311728,1261.3425925925926,59.666666666666664,60.361111111111114,Good,alandur
2023-07-23,26.128101851851852,61.04795138888889,69.95355972222222,1634.6412037037037,5.899212962962963,25.283333333333335,83.22222222222223,7.277777777777778,97.43055555555556,29.0815446566358,1523.337673611111,48.47222222222222,68.79166666666667,Moderate,alandur
2023-07-24,28.80800925925926,61.662129629629625,86.9651662037037,1644.8726851851852,5.8400694444444445,27.16917824074074,99.80555555555556,7.333333333333333,123.36111111111111,26.54573543595679,1648.9814814814815,44.166666666666664,72.72222222222223,Moderate,alandur
2023-07-25,24.32900462962963,60.506249999999994,93.86570185185184,1657.5810185185185,5.521817129629629,26.905219907407407,106.25,6.902777777777778,137.18055555555554,27.561984953703703,1770.808738425926,45.93055555555556,80.02777777777777,Moderate,alandur
2023-07-26,26.730763888888887,64.5089699074074,83.16721805555557,1297.5462962962963,5.821365740740741,27.049675925925925,96.33333333333333,7.375,113.55555555555556,24.761175250771604,1314.6976273148148,41.291666666666664,60.625,Moderate,alandur
2023-07-27,33.7452199074074,78.1504861111111,75.04983935185186,1438.449074074074,5.5135300925925925,30.368263888888887,88.02777777777777,6.888888888888889,103.25,28.996761188271606,1365.2719907407406,48.27777777777778,63.666666666666664,Satisfactory,alandur
2023-07-28,40.47241898148148,85.66303240740741,119.35843657407408,1820.0231481481483,5.464479166666667,31.024675925925926,129.94444444444446,6.861111111111111,153.76388888888889,39.621241319444444,1765.5410879629628,66.02777777777777,72.20833333333333,Moderate,alandur
2023-07-29,35.03350694444444,77.38144675925926,88.27263657407407,1438.3796296296296,5.42005787037037,29.941689814814815,100.88888888888889,6.805555555555555,124.13888888888889,36.89949170524691,1503.454861111111,61.583333333333336,70.375,Moderate,alandur
2023-07-30,30.124965277777775,69.38987268518518,64.25805185185185,1392.511574074074,4.682777777777778,27.449618055555554,77.47222222222223,5.791666666666667,93.13888888888889,32.913964120370366,1413.2335069444443,54.84722222222222,64.16666666666667,Moderate,alandur
2023-07-31,26.659189814814813,67.6812962962963,68.41117638888889,1391.388888888889,4.952002314814815,29.081307870370367,81.0,6.069444444444445,98.25,28.175024112654324,1320.15625,46.958333333333336,62.65277777777778,Moderate,alandur
2023-08-01,32.89951388888889,78.95614583333332,87.82624537037037,1524.8726851851852,4.446898148148148,27.80402777777778,100.34722222222223,5.416666666666667,120.29166666666667,28.642933063271602,1572.8327546296296,47.75,72.08333333333333,Moderate,alandur
2023-08-02,37.58524305555555,88.48310185185186,92.57246203703704,1527.1527777777778,4.354548611111111,28.607592592592596,105.125,5.277777777777778,127.38888888888889,36.24886574074074,1493.185763888889,60.388888888888886,68.08333333333333,Moderate,alandur
2023-08-03,39.04909722222222,88.01887731481482,73.12301342592592,1432.7546296296296,5.217789351851852,28.783599537037034,85.73611111111111,6.416666666666667,106.77777777777777,38.69166232638889,1406.472800925926,64.44444444444444,66.54166666666667,Moderate,alandur
2023-08-04,32.1018287037037,80.97604166666666,60.84774490740741,2064.6875,4.745277777777778,30.281064814814815,73.02777777777777,5.75,95.04166666666667,35.24086805555556,2018.654513888889,58.72222222222222,85.38888888888889,Moderate,alandur
2023-08-05,33.16548611111111,71.98247685185186,59.84362037037037,1473.9583333333333,4.439791666666667,30.48226851851852,71.72222222222223,5.458333333333333,92.26388888888889,33.395854070216046,1572.834201388889,55.666666666666664,73.19444444444444,Satisfactory,alandur
2023-08-06,31.646608796296295,71.02348379629629,38.62457824074074,1593.0439814814815,3.747743055555555,30.750960648148148,48.18055555555556,4.569444444444445,82.90277777777777,33.4876171875,1648.068576388889,55.77777777777778,76.09722222222223,Satisfactory,alandur
2023-08-07,29.988935185185184,167.18626157407408,40.239158796296294,1631.4930555555557,4.045648148148149,32.668055555555554,50.208333333333336,4.916666666666667,75.31944444444444,28.51074701003087,1574.1695601851852,47.52777777777778,72.29166666666667,Moderate,alandur
2023-08-08,36.38560185185185,61.01597222222222,41.66547824074074,1474.6180555555557,5.071689814814814,32.61700231481481,51.958333333333336,6.25,75.59722222222223,34.369937307098766,1416.1400462962963,57.22222222222222,68.125,Satisfactory,alandur
2023-08-09,42.68445601851852,71.0596875,47.600947222222224,2196.3194444444443,7.732025462962962,30.42925925925926,58.861111111111114,9.63888888888889,95.0,37.74645206404321,2142.5173611111113,62.84722222222222,91.91666666666667,Moderate,alandur
2023-08-10,35.74489583333334,58.81282407407408,54.67144444444445,1852.4537037037035,7.143935185185185,26.74943287037037,66.86111111111111,8.916666666666666,99.44444444444444,40.901291956018525,1950.1750578703702,68.19444444444444,90.13888888888889,Moderate,alandur
2023-08-11,36.75327546296296,58.67313657407408,50.516775,1417.488425925926,7.174826388888889,30.26209490740741,62.43055555555556,8.972222222222221,81.94444444444444,33.5689380787037,1404.007523148148,56.013888888888886,69.48611111111111,Satisfactory,alandur
2023-08-12,39.175127314814816,56.56993055555555,52.955052314814814,2017.6041666666667,7.214537037037037,28.340208333333333,64.84722222222223,9.055555555555555,94.86111111111111,39.98758101851852,1910.4007523148148,66.61111111111111,83.63888888888889,Moderate,alandur
2023-08-13,46.48597222222222,65.1428125,55.537136574074076,1653.7268518518517,6.9644560185185185,27.69628472222222,67.59722222222223,8.73611111111111,96.80555555555556,45.78593026620371,1889.580439814815,76.33333333333333,84.08333333333333,Moderate,alandur
2023-08-14,32.623773148148146,44.08850694444445,49.343124074074076,1714.7916666666667,7.53105324074074,30.969733796296296,60.80555555555556,9.416666666666666,83.20833333333333,36.596709587191356,1579.9406828703704,61.0,74.76388888888889,Satisfactory,alandur
2023-08-15,33.51377314814815,51.78642361111111,40.23093379629629,1999.6064814814813,6.403761574074074,27.671666666666667,50.19444444444444,7.972222222222222,88.38888888888889,31.43954861111111,1958.9149305555557,52.43055555555556,82.40277777777777,Satisfactory,alandur
2023-08-16,38.742418981481485,62.752488425925925,43.905419907407406,1690.4629629629628,7.092581018518519,30.7671412037037,54.708333333333336,8.847222222222221,86.55555555555556,36.24468315972222,1728.0020254629628,60.388888888888886,80.58333333333333,Satisfactory,alandur
2023-08-17,35.85315972222222,56.97234953703704,42.936393055555556,1709.4907407407406,6.8080439814814815,28.357939814814817,53.44444444444444,8.541666666666666,87.79166666666667,41.860363618827165,1772.7589699074074,69.76388888888889,81.70833333333333,Satisfactory,alandur
2023-08-18,32.549537037037034,47.129756944444445,54.687589814814814,1917.1296296296298,7.279224537037036,28.885289351851853,66.77777777777777,9.11111111111111,83.13888888888889,28.31529899691358,1797.1932870370372,47.236111111111114,70.45833333333333,Satisfactory,alandur
2023-08-19,39.92365740740741,62.49938657407407,50.21416898148148,1244.2129629629628,7.292673611111111,18.84547453703704,61.361111111111114,9.11111111111111,81.63888888888889,36.8694352816358,1414.5891203703704,61.47222222222222,67.45833333333333,Satisfactory,alandur
2023-08-20,40.16600694444445,48.91457175925926,51.106276851851845,920.3356481481483,8.160023148148149,20.982337962962962,60.763888888888886,10.222222222222221,97.875,46.928661265432105,905.0911458333334,83.44444444444444,45.291666666666664,Moderate,alandur
2023-08-21,35.26574074074074,63.58449074074073,48.517795370370365,1577.0949074074074,7.036157407407408,15.907488425925926,58.81944444444444,8.847222222222221,75.16666666666667,32.2744319058642,1466.9169560185185,53.72222222222222,65.20833333333333,Satisfactory,alandur
2023-08-22,42.59244212962963,81.39846064814816,59.20539953703704,1244.0393518518517,7.353946759259259,22.176296296296297,70.91666666666667,9.125,94.79166666666667,39.50531925154321,1343.9048032407406,65.90277777777777,60.791666666666664,Satisfactory,alandur
2023-08-23,45.712488425925926,78.32670138888889,58.53836944444444,1170.1967592592594,8.429027777777778,31.720937499999998,69.86111111111111,10.472222222222221,104.65277777777777,45.59673852237655,1203.683449074074,76.69444444444444,57.77777777777778,Moderate,alandur
2023-08-24,41.43366898148148,78.32603009259259,56.00996527777777,829.212962962963,7.319456018518519,49.081863425925924,67.06944444444444,9.069444444444445,103.75,44.80898630401234,844.4212962962963,77.93055555555556,40.611111111111114,Moderate,alandur
2023-08-25,31.09211805555556,66.87173611111112,50.971043055555555,1649.7569444444443,5.492870370370371,52.62672453703704,61.375,6.791666666666667,83.98611111111111,33.62325135030864,1533.9756944444443,56.041666666666664,62.041666666666664,Satisfactory,alandur
2023-08-26,26.472858796296297,63.30450231481481,47.04275694444445,1299.4328703703704,3.581886574074074,50.623703703703704,57.55555555555556,4.513888888888889,80.59722222222223,29.311573109567902,1333.4056712962965,48.791666666666664,63.236111111111114,Satisfactory,alandur
2023-08-27,29.813252314814818,51.45945601851852,74.69411898148148,1111.5162037037037,2.9577083333333336,53.505775462962966,83.48611111111111,3.638888888888889,99.91666666666667,28.25028549382716,1085.4340277777778,47.09722222222222,48.81944444444444,Satisfactory,alandur
2023-08-28,30.48431712962963,49.82162037037037,60.342690740740736,1806.3194444444443,3.697175925925926,54.46702546296296,71.33333333333333,4.569444444444445,90.625,29.97697337962963,1785.0737847222222,49.986111111111114,65.84722222222223,Satisfactory,alandur
2023-08-29,28.287407407407407,41.85767361111111,79.33989490740741,1748.6342592592594,3.892175925925926,48.46282407407407,88.09722222222223,4.847222222222222,105.65277777777777,29.370614872685184,1741.691261574074,48.97222222222222,64.55555555555556,Satisfactory,alandur
2023-08-30,39.751979166666665,48.442650462962966,83.86579907407408,1752.4189814814815,3.722986111111111,45.33277777777778,94.45833333333333,4.583333333333333,115.5,32.500956307870375,1843.8990162037035,54.19444444444444,74.19444444444444,Satisfactory,alandur
2023-08-31,27.020405092592593,45.88608796296296,83.35922175925926,810.3472222222222,4.560532407407408,45.87025462962963,94.52777777777777,5.694444444444445,107.51388888888889,34.88467544367284,862.154224537037,58.166666666666664,42.611111111111114,Satisfactory,alandur
2023-09-01,32.519456018518525,119.53959490740739,73.02657638888888,699.4907407407408,5.529976851851852,53.26166666666667,85.90277777777777,6.888888888888889,95.01388888888889,29.127979841820988,711.9386574074074,48.55555555555556,35.56944444444444,Satisfactory,alandur
2023-09-02,39.70430555555556,52.193391203703705,78.73252870370371,723.1944444444445,5.406493055555555,45.364444444444445,90.90277777777777,6.736111111111111,112.5,41.78251736111111,718.6820023148148,70.86111111111111,35.888888888888886,Moderate,alandur
2023-09-03,24.283773148148146,39.02659722222222,71.33324907407408,1042.1180555555557,3.569155092592593,51.34913194444445,83.79166666666667,4.486111111111111,89.84722222222223,27.371741415895062,979.6166087962962,45.625,45.166666666666664,Satisfactory,alandur
2023-09-04,29.08003472222222,49.75195601851852,103.88616712962963,769.3402777777778,5.086909722222222,38.624594907407406,114.25,6.402777777777778,117.65277777777777,26.01528018904321,807.9933449074074,43.416666666666664,40.18055555555556,Satisfactory,alandur
2023-09-05,27.19074074074074,58.075439814814814,103.04064583333333,802.7662037037037,5.391273148148148,32.658125000000005,113.90277777777777,6.763888888888889,123.51388888888889,28.16044608410494,808.7037037037037,46.916666666666664,40.388888888888886,Satisfactory,alandur
2023-09-06,28.52586805555556,47.720300925925926,67.54141527777777,910.7291666666666,7.19832175925926,30.63090277777778,80.15277777777777,9.069444444444445,87.01388888888889,27.176604938271606,844.5413773148148,45.27777777777778,40.31944444444444,Satisfactory,alandur
2023-09-07,38.7883912037037,45.31898148148148,82.36793518518519,948.0324074074074,4.708796296296296,45.31311342592593,94.83333333333333,5.819444444444445,112.51388888888889,40.74828462577161,1023.023726851852,68.84722222222223,46.361111111111114,Moderate,alandur
2023-09-08,26.27949074074074,42.52634259259259,72.71093657407408,939.7800925925926,4.648506944444445,45.85951388888889,86.70833333333333,5.805555555555555,89.93055555555556,25.47025896990741,868.7615740740741,42.486111111111114,43.388888888888886,Moderate,alandur
2023-09-09,29.938379629629633,51.05203703703704,82.38579953703703,909.3518518518518,3.9812037037037036,49.55209490740741,96.54166666666667,4.930555555555555,98.23611111111111,28.155912422839506,999.3026620370371,46.986111111111114,49.90277777777778,Satisfactory,alandur
2023-09-10,24.963564814814816,47.220532407407404,93.18707407407408,888.0787037037037,3.407627314814815,45.49059027777778,106.0,4.291666666666667,108.72222222222223,27.448323688271604,838.2638888888889,45.77777777777778,41.916666666666664,Satisfactory,alandur
2023-09-11,29.943391203703705,55.543877314814814,79.28858657407407,783.1944444444445,4.66201388888889,31.922685185185188,94.83333333333333,5.805555555555555,97.54166666666667,27.991892361111113,862.103587962963,46.625,43.041666666666664,Satisfactory,alandur
2023-09-12,30.770127314814815,62.987118055555555,74.03529212962962,682.8009259259259,7.423449074074075,28.282118055555557,89.55555555555556,9.333333333333334,92.25,30.281026234567904,629.2881944444445,50.486111111111114,31.48611111111111,Satisfactory,alandur
2023-09-13,31.008738425925927,64.62939814814814,88.41159120370371,794.5717592592592,5.8535763888888885,30.608518518518522,104.34722222222223,7.361111111111111,107.80555555555556,30.364996624228397,759.5833333333334,50.611111111111114,37.986111111111114,Satisfactory,alandur
2023-09-14,22.717627314814816,55.31267361111111,92.66889907407408,1061.1574074074074,4.405787037037037,31.7369212962963,108.91666666666667,5.527777777777778,112.79166666666667,27.87956934799383,1107.2135416666667,46.458333333333336,48.611111111111114,Moderate,alandur
2023-09-15,26.26313657407407,51.00744212962963,90.09823842592591,811.1342592592592,7.374363425925925,30.117037037037036,106.55555555555556,9.180555555555555,106.83333333333333,25.456308352623456,741.8460648148148,42.416666666666664,37.09722222222222,Moderate,alandur
2023-09-16,21.10796296296296,38.70454861111111,78.58040972222221,1722.8703703703704,7.7245833333333325,27.74886574074074,94.51388888888889,9.63888888888889,97.76388888888889,22.871414930555556,1735.6901041666667,38.111111111111114,66.15277777777777,Moderate,alandur
2023-09-17,19.61420138888889,33.82174768518519,74.30430185185185,826.7708333333334,2.48,36.453148148148145,89.81944444444444,2.9166666666666665,90.33333333333333,19.12988522376543,897.5289351851852,31.875,41.84722222222222,Satisfactory,alandur
2023-09-18,20.948194444444443,33.80314814814815,71.5613513888889,1288.1481481481483,2.111527777777778,30.61670138888889,86.375,2.513888888888889,89.34722222222223,21.733629436728396,1309.8292824074074,36.18055555555556,54.56944444444444,Satisfactory,alandur
2023-09-19,19.860578703703702,39.742164351851855,85.44005972222222,953.3912037037038,2.3697453703703704,32.705729166666664,101.30555555555556,2.8333333333333335,101.84722222222223,19.985716628086422,935.4875578703702,33.27777777777778,40.15277777777778,Moderate,alandur
2023-09-20,24.302905092592592,50.99559027777778,96.65262777777778,612.1527777777778,2.729444444444445,33.767233796296296,112.625,3.3472222222222223,112.76388888888889,21.426711516203703,589.0957754629629,35.68055555555556,29.47222222222222,Satisfactory,alandur
2023-09-21,24.765671296296297,42.71268518518519,113.23431481481481,1125.324074074074,3.5810532407407405,33.847615740740736,127.625,4.444444444444445,129.04166666666666,24.831710069444444,1156.0995370370372,41.34722222222222,51.65277777777778,Satisfactory,alandur
2023-09-22,26.181400462962962,48.40523148148148,73.7987037037037,789.4097222222222,3.306226851851852,34.973449074074075,89.59722222222223,4.194444444444445,90.29166666666667,25.97437114197531,767.5405092592592,43.236111111111114,38.416666666666664,Satisfactory,alandur
2023-09-23,20.94681712962963,48.03741898148148,68.88722546296296,967.9745370370371,3.300474537037037,34.18644675925926,84.61111111111111,4.083333333333333,85.05555555555556,23.22936873070988,967.5318287037038,38.69444444444444,48.333333333333336,Satisfactory,alandur
2023-09-24,13.37138888888889,31.122395833333332,75.99717222222222,1010.1620370370371,3.0530324074074073,32.81155092592593,91.31944444444444,3.8055555555555554,92.73611111111111,16.8046305941358,893.1770833333334,27.944444444444443,44.375,Satisfactory,alandur
2023-09-25,14.902094907407408,36.65945601851852,92.60203287037037,984.0856481481483,2.564027777777778,33.498958333333334,107.875,3.1666666666666665,108.97222222222223,13.30516010802469,881.4930555555555,22.194444444444443,41.43055555555556,Satisfactory,alandur
2023-09-26,18.007939814814815,40.76871527777777,91.02509583333332,863.5069444444445,2.382581018518519,34.77465277777778,106.81944444444444,2.9027777777777777,110.19444444444444,18.019942611882716,967.0601851851851,30.02777777777778,44.333333333333336,Moderate,alandur
2023-09-27,19.41488425925926,42.81741898148149,119.8411875,764.1087962962963,2.640416666666667,31.567893518518517,138.76388888888889,3.3333333333333335,138.76388888888889,18.75697193287037,856.9661458333334,31.166666666666668,40.875,Moderate,alandur
2023-09-28,18.045567129629628,42.93920138888889,120.69317129629628,745.0462962962963,4.856574074074074,33.31667824074074,138.65277777777777,6.125,138.65277777777777,17.977612364969136,748.4505208333334,29.88888888888889,37.5,Moderate,alandur
2023-09-29,19.054652777777775,42.61127314814815,109.08536805555555,1129.7916666666667,6.732685185185185,28.456331018518522,122.76388888888889,8.541666666666666,130.56944444444446,19.119879918981482,1104.6455439814815,31.875,51.90277777777778,Moderate,alandur
2023-09-30,17.43476851851852,42.794513888888886,85.4865810185185,861.2962962962962,5.010625,36.47359953703703,96.04166666666667,6.333333333333333,106.375,18.38921633873457,924.7468171296296,30.72222222222222,45.5,Good,alandur
2023-10-01,13.104583333333332,36.82159722222222,101.54267314814814,757.1412037037037,2.3225462962962964,28.17534722222222,115.65277777777777,2.8333333333333335,115.76388888888889,15.420566165123457,742.5028935185186,25.680555555555557,37.09722222222222,Satisfactory,alandur
2023-10-02,15.86744212962963,41.19998842592592,80.39428333333333,723.9814814814814,3.2822453703703705,28.631956018518522,95.98611111111111,4.097222222222222,96.0,13.094032118055557,718.392650462963,21.791666666666668,35.90277777777778,Satisfactory,alandur
2023-10-03,20.88497685185185,53.64818287037037,98.76275370370371,921.7245370370371,5.045983796296296,30.94884259259259,114.125,6.319444444444445,114.36111111111111,18.07973861882716,929.6050347222222,30.15277777777778,43.513888888888886,Moderate,alandur
2023-10-04,23.315173611111113,52.391597222222224,94.05381064814816,662.5810185185186,4.723657407407408,30.808252314814816,110.11111111111111,5.847222222222222,110.97222222222223,22.113085455246914,715.9563078703703,36.833333333333336,35.77777777777778,Moderate,alandur
2023-10-05,26.070659722222224,52.80001157407408,88.52169305555555,784.4907407407408,4.307928240740741,43.14341435185185,104.01388888888889,5.263888888888889,106.09722222222223,26.931863425925926,743.666087962963,44.888888888888886,37.19444444444444,Satisfactory,alandur
2023-10-06,26.521770833333335,56.804918981481485,103.51804398148148,797.1412037037037,2.730636574074074,39.23702546296297,118.59722222222223,3.3472222222222223,120.08333333333333,24.98526089891975,779.9001736111111,41.68055555555556,39.02777777777778,Satisfactory,alandur
2023-10-07,22.28204861111111,54.9675462962963,75.6260462962963,1039.5833333333333,2.953946759259259,35.90409722222222,90.95833333333333,3.75,93.69444444444444,23.97488859953704,942.2902199074074,39.93055555555556,47.013888888888886,Satisfactory,alandur
2023-10-08,11.064733796296297,38.31107638888889,78.75659444444445,782.6041666666666,3.135219907407407,33.63625,91.93055555555556,4.055555555555555,93.98611111111111,17.56152054398148,881.5523726851852,29.25,44.09722222222222,Satisfactory,alandur
2023-10-09,9.326875,36.37224537037037,73.24044814814815,772.7083333333334,3.4878472222222223,35.83043981481481,88.27777777777777,4.361111111111111,88.27777777777777,9.697354841820989,739.5023148148149,16.180555555555557,36.94444444444444,Satisfactory,alandur
2023-10-10,19.35070601851852,44.837233796296296,83.18675787037037,1034.3171296296296,3.3282060185185185,36.0084375,97.59722222222223,4.180555555555555,100.44444444444444,11.766102912808641,1038.2682291666667,19.666666666666668,51.763888888888886,Satisfactory,alandur
2023-10-11,30.38263888888889,49.39732638888889,92.79196944444443,567.2453703703703,4.8870254629629635,38.00570601851852,108.47222222222223,6.111111111111111,115.13888888888889,26.15039834104938,620.0520833333334,43.55555555555556,31.0,Satisfactory,alandur
2023-10-12,21.947673611111114,43.436851851851856,94.1651962962963,756.6898148148148,5.498032407407408,27.227962962962962,107.98611111111111,6.847222222222222,114.5,26.562141685956792,688.6906828703703,44.27777777777778,34.375,Satisfactory,alandur
2023-10-13,37.033368055555556,60.33460648148147,91.95956898148148,1075.5787037037037,2.13818287037037,30.548229166666665,106.66666666666667,2.6666666666666665,121.38888888888889,30.867997685185188,1079.7294560185185,53.041666666666664,50.486111111111114,Moderate,alandur
2023-10-14,33.44504629629629,55.714930555555554,108.64918194444444,984.1203703703704,2.2030324074074077,29.77834490740741,121.31944444444444,2.7083333333333335,144.76388888888889,35.58046006944445,1008.5604745370371,63.666666666666664,49.291666666666664,Moderate,alandur
2023-10-15,32.14473379629629,130.68239583333332,92.18223148148148,1272.0601851851852,2.2387847222222224,30.856817129629633,106.27777777777777,2.8055555555555554,128.88888888888889,32.683885995370375,1236.808449074074,58.43055555555556,58.31944444444444,Moderate,alandur
2023-10-16,25.561319444444443,32.997002314814814,114.48514583333333,1425.4398148148148,7.259791666666666,28.29753472222222,125.66666666666667,9.083333333333334,141.79166666666666,29.861911168981482,1367.6504629629628,50.736111111111114,57.611111111111114,Moderate,alandur
2023-10-17,35.71976851851852,61.697939814814816,114.49931111111111,1299.6643518518517,10.975347222222222,28.974733796296295,127.93055555555556,13.694444444444445,136.98611111111111,27.643346836419752,1216.5639467592594,46.583333333333336,57.02777777777778,Satisfactory,alandur
2023-10-18,52.3043287037037,88.4914236111111,115.9989810185185,1605.7754629629628,5.798622685185185,32.88532407407408,128.90277777777777,7.166666666666667,178.83333333333334,44.86655864197531,1511.0807291666667,91.86111111111111,63.833333333333336,Moderate,alandur
2023-10-19,47.18666666666667,95.72052083333332,99.38826712962963,1990.173611111111,5.567407407407407,33.16708333333333,114.55555555555556,6.930555555555555,189.0,55.34339265046296,2012.505787037037,121.40277777777777,71.375,Moderate,alandur
2023-10-20,36.21206018518519,84.48143518518518,123.83536064814815,1252.951388888889,5.722685185185185,33.36443287037037,138.0,7.111111111111111,159.02777777777777,36.56598186728395,1543.7528935185185,64.66666666666667,60.166666666666664,Moderate,alandur
2023-10-21,34.226157407407406,67.89673611111111,114.01706064814815,1145.4745370370372,5.642685185185185,33.66621527777778,128.70833333333334,6.958333333333333,147.08333333333334,36.61570505401235,1084.2433449074074,63.44444444444444,50.763888888888886,Moderate,alandur
2023-10-22,33.69982638888889,67.69961805555556,89.10669074074073,883.6226851851852,4.764467592592593,33.79015046296296,104.5,5.819444444444445,117.86111111111111,32.82918306327161,920.7942708333334,54.93055555555556,46.06944444444444,Satisfactory,alandur
2023-10-23,42.85415509259259,79.88733796296296,108.4292611111111,932.5578703703704,4.971921296296297,35.99478009259259,122.15277777777777,6.055555555555555,150.31944444444446,39.14983217592592,917.0124421296298,71.84722222222223,45.77777777777778,Moderate,alandur
2023-10-24,43.453599537037036,88.18172453703704,128.0969986111111,1050.5555555555557,6.2322337962962955,40.238310185185185,139.81944444444446,7.625,172.44444444444446,42.529647955246915,1015.5642361111111,80.79166666666667,50.708333333333336,Moderate,alandur
2023-10-25,49.344409722222224,89.43899305555556,110.75798055555555,1096.3657407407406,10.280844907407406,33.745625,125.16666666666667,12.916666666666666,169.125,47.5370134066358,1092.1527777777778,93.63888888888889,53.31944444444444,Moderate,alandur
2023-10-26,45.109907407407405,83.78091435185185,97.13557453703703,862.8356481481482,3.4366203703703704,35.78194444444445,112.94444444444444,4.319444444444445,156.88888888888889,47.72446614583333,895.0289351851852,94.93055555555556,44.736111111111114,Moderate,alandur
2023-10-27,35.85305555555556,65.83983796296296,106.75471203703704,719.6875,3.5286805555555554,30.376863425925926,120.875,4.402777777777778,149.48611111111111,41.18873649691358,742.2106481481482,75.54166666666667,37.125,Moderate,alandur
2023-10-28,19.651504629629628,47.25966435185185,120.19188148148149,785.8564814814814,7.590358796296297,30.223125,130.76388888888889,9.51388888888889,136.91666666666666,25.48878231095679,779.6513310185186,42.583333333333336,38.97222222222222,Satisfactory,alandur
2023-10-29,20.886689814814815,43.155520833333334,113.70781805555555,781.724537037037,6.97412037037037,24.324189814814815,124.26388888888889,8.722222222222221,127.70833333333333,19.525839602623456,788.7471064814815,32.513888888888886,39.44444444444444,Satisfactory,alandur
2023-10-30,33.79392361111111,58.64200231481482,128.53161805555555,1104.3518518518517,4.61957175925926,26.373078703703705,144.09722222222223,5.805555555555555,150.09722222222223,25.49391155478395,999.1984953703704,42.56944444444444,49.888888888888886,Satisfactory,alandur
2023-10-31,36.520752314814814,72.59766203703704,131.81724444444444,905.474537037037,6.010706018518518,31.221828703703707,146.34722222222223,7.638888888888889,173.13888888888889,39.97744405864197,975.9114583333334,73.22222222222223,48.77777777777778,Moderate,alandur
2023-11-01,24.624270833333334,55.00628472222222,136.8726384259259,967.6157407407406,12.464988425925926,28.297199074074072,150.45833333333334,15.569444444444445,158.22222222222223,29.651934799382715,915.7103587962962,49.5,45.763888888888886,Satisfactory,alandur
2023-11-02,13.568831018518518,36.72322916666667,121.00123888888889,990.8912037037038,5.9628125,26.061805555555555,135.5,7.388888888888889,142.95833333333334,17.87581790123457,1017.9296875,29.805555555555557,50.93055555555556,Satisfactory,alandur
2023-11-03,13.113078703703703,33.83430555555556,139.98710648148148,805.4398148148148,3.697361111111111,31.437465277777775,154.69444444444446,4.513888888888889,159.06944444444446,13.296765528549383,852.2627314814814,22.194444444444443,42.56944444444444,Satisfactory,alandur
2023-11-04,13.597615740740741,28.057696759259258,117.15988101851852,954.8495370370371,6.5281365740740736,37.84047453703704,129.80555555555554,8.13888888888889,145.16666666666666,12.825093557098764,961.9603587962962,21.38888888888889,48.083333333333336,Satisfactory,alandur
2023-11-05,13.838171296296297,29.94695601851852,45.85156805555555,863.4375,5.622604166666666,21.4696875,56.041666666666664,7.041666666666667,62.638888888888886,14.534326292438273,826.6883680555555,24.208333333333332,41.31944444444444,Good,alandur
2023-11-06,13.591400462962962,33.30179398148148,55.79676805555555,1038.2175925925926,6.172604166666667,24.771527777777777,67.55555555555556,7.763888888888889,77.20833333333333,13.315487075617284,1006.1458333333334,22.22222222222222,50.263888888888886,Satisfactory,alandur
2023-11-07,16.52109953703704,35.79840277777778,102.9938199074074,1333.1597222222222,8.64181712962963,24.043171296296297,113.91666666666667,10.88888888888889,130.55555555555554,14.378155381944445,1330.2965856481483,23.90277777777778,66.11111111111111,Satisfactory,alandur
2023-11-08,26.454791666666665,42.04216435185185,71.94790462962962,1097.9398148148148,9.611655092592592,30.989687500000002,86.48611111111111,12.055555555555555,93.79166666666667,22.26715808256173,1147.455150462963,37.138888888888886,57.34722222222222,Moderate,alandur
2023-11-09,25.727199074074075,45.8356712962963,87.23863657407406,1235.6712962962963,9.68491898148148,33.97203703703704,102.375,12.097222222222221,108.15277777777777,26.310195794753085,1144.8755787037037,43.875,56.93055555555556,Satisfactory,alandur
2023-11-10,40.19615740740741,64.02024305555555,92.22524953703703,1121.9675925925926,8.921145833333334,23.791041666666665,105.0,11.152777777777779,118.22222222222223,31.842478298611113,1217.03125,53.111111111111114,60.65277777777778,Satisfactory,alandur
2023-11-11,52.95065972222222,83.9269212962963,70.85911481481482,1286.3541666666667,14.902766203703704,24.479155092592592,84.83333333333333,18.63888888888889,110.59722222222223,44.654280478395066,1167.5636574074074,75.69444444444444,58.375,Moderate,alandur
2023-11-12,169.07605324074075,226.01182870370369,82.93965972222222,1991.712962962963,42.3009375,24.099907407407407,98.79166666666667,50.986111111111114,197.875,90.85458622685185,1814.984085648148,191.48611111111111,81.94444444444444,Moderate,alandur
2023-11-13,106.98636574074074,157.715,71.62310416666666,2792.1180555555557,18.774456018518517,25.971874999999997,87.23611111111111,23.48611111111111,336.84722222222223,173.31000192901234,2801.2760416666665,336.84722222222223,98.36111111111111,Very Poor,alandur
2023-11-14,43.74232638888889,70.50943287037038,89.24366527777778,2033.599537037037,15.155543981481483,16.655416666666667,105.90277777777777,18.97222222222222,150.375,66.1303192515432,2208.2349537037035,127.75,90.33333333333333,Moderate,alandur
2023-11-15,28.931562500000002,50.05096064814815,96.96150046296296,1424.375,13.529085648148147,15.568148148148149,113.97222222222223,16.90277777777778,121.66666666666667,32.42341676311728,1527.4276620370372,54.013888888888886,71.29166666666667,Moderate,alandur
2023-11-16,39.99716435185186,71.43753472222221,113.71806666666666,945.6944444444445,12.166921296296296,16.486655092592592,126.29166666666667,15.166666666666666,137.01388888888889,33.197433449074076,987.2887731481483,55.34722222222222,49.375,Satisfactory,alandur
2023-11-17,32.92849537037037,64.8616087962963,71.72141249999999,890.2662037037037,10.725381944444443,16.75321759259259,84.55555555555556,13.416666666666666,102.95833333333333,40.036110628858026,875.9577546296297,66.73611111111111,43.77777777777778,Satisfactory,alandur
2023-11-18,23.460092592592595,46.84950231481482,76.7052837962963,1000.5208333333334,12.41170138888889,14.518379629629628,89.41666666666667,15.5,97.18055555555556,26.991470389660495,956.802662037037,45.041666666666664,47.833333333333336,Satisfactory,alandur
2023-11-19,24.95284722222222,47.47001157407407,71.96096018518519,958.5185185185185,13.270949074074075,15.86607638888889,83.40277777777777,16.51388888888889,92.04166666666667,23.807313850308642,966.3859953703704,39.666666666666664,48.263888888888886,Satisfactory,alandur
2023-11-20,23.518414351851852,42.804409722222225,69.90431851851852,864.7222222222222,12.997569444444444,15.71537037037037,84.69444444444444,16.208333333333332,87.61111111111111,25.068699363425925,871.7853009259259,41.80555555555556,43.56944444444444,Moderate,alandur
2023-11-21,18.22851851851852,36.140150462962964,87.51685046296296,1122.5810185185185,9.432604166666668,16.660949074074075,102.09722222222223,11.76388888888889,112.86111111111111,20.02362509645062,1082.1397569444443,33.375,54.041666666666664,Moderate,alandur
2023-11-22,20.479537037037037,37.14623842592593,90.49778194444444,865.6828703703703,11.966585648148147,13.477418981481483,104.70833333333333,14.972222222222221,109.51388888888889,18.530449942129632,906.6695601851852,30.916666666666668,45.34722222222222,Moderate,alandur
2023-11-23,22.89693287037037,40.904953703703704,90.49904398148148,936.6087962962962,9.075717592592593,20.92457175925926,104.81944444444444,11.347222222222221,108.47222222222223,22.2405859375,920.2546296296296,37.083333333333336,46.06944444444444,Satisfactory,alandur
2023-11-24,21.10832175925926,39.05486111111111,73.09790324074073,1023.7037037037038,10.521157407407408,13.186377314814814,85.02777777777777,13.11111111111111,96.59722222222223,23.355854552469136,1032.1686921296296,38.97222222222222,51.583333333333336,Satisfactory,alandur
2023-11-25,26.55865740740741,47.79881944444444,69.56419953703704,1036.9560185185185,11.605856481481482,15.91596064814815,82.47222222222223,14.569444444444445,91.01388888888889,22.089385609567902,1024.001736111111,36.833333333333336,51.15277777777778,Satisfactory,alandur
2023-11-26,34.49116898148148,58.28795138888889,73.52523333333333,956.9328703703704,10.761550925925926,25.257743055555558,82.66666666666667,13.458333333333334,97.16666666666667,31.838099440586422,989.4907407407409,52.986111111111114,49.416666666666664,Satisfactory,alandur
2023-11-27,23.423368055555557,41.94829861111111,68.05158287037037,1070.5092592592594,11.235127314814815,15.798969907407407,80.20833333333333,14.041666666666666,93.11111111111111,29.060788483796298,1021.7144097222222,48.333333333333336,51.09722222222222,Satisfactory,alandur
2023-11-28,26.715011574074072,44.57032407407408,51.2409449074074,1000.4166666666666,10.516655092592593,16.829930555555556,62.72222222222222,13.097222222222221,74.16666666666667,23.73333912037037,1038.5344328703704,39.59722222222222,51.875,Satisfactory,alandur
2023-11-29,20.348703703703702,34.79539351851852,91.2193625,980.3356481481483,10.798877314814815,13.891516203703704,105.70833333333333,13.527777777777779,114.52777777777777,24.154972029320987,995.5555555555555,40.263888888888886,49.75,Moderate,alandur
2023-11-30,19.877430555555556,35.72508101851852,71.71103333333333,1026.5972222222222,11.316944444444443,14.179699074074072,84.98611111111111,14.097222222222221,92.61111111111111,20.766293402777777,1029.1001157407406,34.638888888888886,51.31944444444444,Satisfactory,alandur
2023-12-01,23.721412037037037,45.34697916666667,90.78432962962962,830.3935185185186,10.924594907407407,26.898310185185185,104.95833333333333,13.666666666666666,105.15277777777777,20.244169560185185,832.2743055555555,33.72222222222222,41.55555555555556,Moderate,alandur
2023-12-02,27.849270833333335,50.30984953703703,64.9276712962963,790.0347222222222,10.60085648148148,24.377118055555556,78.05555555555556,13.23611111111111,82.11111111111111,28.753531539351854,811.3151041666666,47.916666666666664,40.583333333333336,Satisfactory,alandur
2023-12-03,18.0728125,32.77287037037037,53.37694259259259,922.9398148148149,9.863715277777779,45.48704861111111,65.77777777777777,12.333333333333334,69.08333333333333,20.852477334104936,872.974537037037,34.72222222222222,43.65277777777778,Satisfactory,alandur
2023-12-04,21.085729166666667,43.54493055555556,42.607458333333334,3465.150462962963,11.189976851851853,28.8541087962963,53.25,14.01388888888889,95.84722222222223,19.552612364969136,3083.0107060185187,32.638888888888886,89.59722222222223,Moderate,alandur
2023-12-05,22.8031712962963,36.568263888888886,66.65888148148149,3016.7939814814813,13.23982638888889,38.2325462962963,80.91666666666667,16.041666666666668,119.79166666666667,21.709941165123457,3098.6053240740744,36.208333333333336,86.94444444444444,Moderate,alandur
2023-12-06,23.669652777777777,38.0437037037037,74.36786064814814,3030.0,12.747499999999999,38.29954861111111,90.16666666666667,15.88888888888889,125.19444444444444,24.606358506944446,3038.7861689814813,41.083333333333336,85.58333333333333,Moderate,alandur
2023-12-07,22.783969907407407,36.149479166666666,75.1578523148148,3141.2384259259256,11.639999999999999,52.47719907407408,90.55555555555556,14.333333333333334,127.13888888888889,21.772474440586418,3095.904224537037,36.22222222222222,88.51388888888889,Moderate,alandur
2023-12-08,26.266574074074075,40.47493055555556,70.32573009259258,3207.2569444444443,11.639999999999999,50.39333333333334,85.80555555555556,14.333333333333334,125.91666666666667,25.28504581404321,3231.1414930555557,42.083333333333336,95.05555555555556,Moderate,alandur
2023-12-09,22.936921296296294,35.940185185185186,69.66020138888888,3100.787037037037,11.639999999999999,47.175381944444446,85.05555555555556,14.333333333333334,124.77777777777777,24.555922067901236,3132.3553240740744,40.84722222222222,90.375,Moderate,alandur
2023-12-10,30.426770833333332,44.315243055555555,63.24237314814814,3033.240740740741,11.99761574074074,61.43359953703704,76.90277777777777,14.777777777777779,121.31944444444444,22.928672839506174,3008.8107638888887,38.125,84.16666666666667,Moderate,alandur
2023-12-11,25.214641203703703,45.714988425925924,69.15488611111111,3111.539351851852,11.791319444444445,42.17981481481482,83.75,14.541666666666666,127.09722222222223,32.2755078125,3109.4212962962965,53.72222222222222,89.23611111111111,Moderate,alandur
2023-12-12,31.967280092592596,51.91767361111111,65.38679166666667,3168.1365740740744,10.297766203703704,44.13158564814815,78.625,12.666666666666666,123.48611111111111,25.365972222222222,3129.7236689814813,42.208333333333336,90.20833333333333,Moderate,alandur
2023-12-13,37.64601851851852,65.63758101851852,62.34532592592593,3624.502314814815,8.449641203703704,58.345046296296296,74.625,10.527777777777779,132.66666666666666,38.96805941358025,3706.626157407407,67.02777777777777,105.98611111111111,Moderate,alandur
2023-12-14,42.46446759259259,73.85101851851852,47.87245925925926,3146.4699074074074,9.748877314814814,39.825636574074075,59.291666666666664,12.25,111.23611111111111,39.035762924382716,3156.161747685185,65.05555555555556,89.63888888888889,Satisfactory,alandur
2023-12-15,51.82555555555555,93.58122685185185,58.70284768518518,4500.127314814815,10.644467592592592,42.575775462962966,71.36111111111111,13.347222222222221,137.54166666666666,47.2221590470679,4383.451967592593,79.375,113.0,Moderate,alandur
2023-12-16,37.63383101851852,68.91401620370371,45.3295199074074,1733.6689814814815,8.24170138888889,56.5771875,56.06944444444444,10.277777777777779,96.23611111111111,44.654531250000005,1988.9163773148148,74.98611111111111,78.16666666666667,Satisfactory,alandur
2023-12-17,33.16290509259259,62.75043981481482,46.95276064814814,1284.1087962962963,10.104050925925925,28.887476851851854,57.416666666666664,12.652777777777779,85.08333333333333,35.96112364969136,1422.0384837962963,59.97222222222222,70.38888888888889,Satisfactory,alandur
2023-12-18,34.234351851851855,68.20868055555556,45.90050462962963,1256.6319444444443,8.926736111111111,31.435810185185183,56.55555555555556,11.180555555555555,72.65277777777777,29.97853587962963,1205.0882523148148,49.97222222222222,59.69444444444444,Satisfactory,alandur
2023-12-19,45.680034722222224,72.42859953703704,59.58076851851851,1091.4004629629628,8.90875,31.105543981481485,72.65277777777777,11.125,92.55555555555556,45.18732301311728,1144.6180555555557,75.31944444444444,57.291666666666664,Satisfactory,alandur
2023-12-20,47.17748842592593,93.42899305555555,61.970696759259255,998.7847222222222,9.373252314814813,30.059780092592593,75.01388888888889,11.791666666666666,98.04166666666667,43.54211902006173,932.0269097222222,73.08333333333333,46.625,Satisfactory,alandur
2023-12-21,48.98846064814815,98.38952546296296,72.86869120370369,1738.4375,10.633078703703704,33.52422453703704,85.52777777777777,13.305555555555555,119.30555555555556,48.5359162808642,1631.2514467592594,85.875,74.05555555555556,Moderate,alandur
2023-12-22,48.86259259259259,97.67799768518518,86.89116296296295,1002.6041666666666,9.309386574074075,26.74488425925926,100.94444444444444,11.722222222222221,138.72222222222223,50.68360966435185,1186.8677662037037,91.13888888888889,57.861111111111114,Moderate,alandur
2023-12-23,43.04423611111111,90.26114583333333,89.00461805555555,2019.9189814814813,10.051284722222222,27.072407407407407,103.36111111111111,12.597222222222221,130.13888888888889,44.71622733410494,1635.5844907407406,75.61111111111111,67.38888888888889,Moderate,alandur
2023-12-24,41.58082175925926,89.091875,66.56472916666667,1702.986111111111,8.871168981481482,25.61777777777778,80.45833333333333,11.13888888888889,110.01388888888889,42.53211082175926,1973.939525462963,72.26388888888889,74.83333333333333,Moderate,alandur
2023-12-25,35.48125,68.90931712962964,51.26707777777778,1424.1435185185185,8.750277777777777,19.81545138888889,62.59722222222222,10.972222222222221,88.47222222222223,38.624637827932105,1420.8738425925926,64.44444444444444,65.08333333333333,Satisfactory,alandur
2023-12-26,37.42892361111112,72.63790509259259,76.66655231481481,1380.6018518518517,9.042349537037037,16.527291666666667,90.47222222222223,11.347222222222221,104.43055555555556,35.112279610339506,1401.7621527777778,58.52777777777778,68.68055555555556,Satisfactory,alandur
2023-12-27,34.35716435185185,67.06696759259259,83.70519398148149,977.4305555555555,8.67994212962963,18.107511574074074,99.65277777777777,10.875,106.23611111111111,36.78277054398148,1061.2760416666667,61.361111111111114,53.05555555555556,Satisfactory,alandur
2023-12-28,31.053831018518522,60.53896990740741,69.72743750000001,1085.8217592592594,8.502418981481481,17.523391203703703,84.52777777777777,10.666666666666666,89.86111111111111,32.65412374614198,1044.8133680555557,54.44444444444444,52.22222222222222,Satisfactory,alandur
2023-12-29,28.89787037037037,55.53628472222223,58.327130555555556,1273.8773148148148,8.370219907407408,18.154328703703705,71.29166666666667,10.472222222222221,78.44444444444444,29.55358940972222,1253.8585069444443,49.25,62.611111111111114,Satisfactory,alandur
2023-12-30,35.720312500000006,65.80796296296296,80.65084675925925,1260.6828703703704,8.705011574074074,20.73837962962963,91.59722222222223,10.875,101.30555555555556,32.125414737654324,1276.3324652777778,53.541666666666664,62.93055555555556,Satisfactory,alandur
2023-12-31,39.046342592592595,76.16642361111111,90.91035925925925,1269.375,8.801689814814814,23.84398148148148,100.77777777777777,11.069444444444445,115.23611111111111,38.82660204475309,1189.4618055555557,64.75,59.43055555555556,Satisfactory,alandur
2024-01-01,47.74375,79.57666666666667,71.92801666666666,3010.625,8.414791666666668,26.184375,85.25,10.5625,125.875,47.0529441550926,2844.3880208333335,78.5625,96.79166666666667,Moderate,alandur
2024-01-02,47.99583333333334,84.00104166666667,80.37861666666667,2197.9166666666665,9.322083333333333,25.510416666666668,91.9375,11.666666666666666,127.3125,43.16071180555556,2477.1354166666665,71.91666666666667,91.16666666666667,Satisfactory,alandur
2024-01-03,71.01541666666667,132.38125,75.76752499999999,1934.5833333333333,14.1975,21.581041666666668,87.95833333333333,17.75,144.75,63.83889756944444,1694.6614583333333,122.79166666666667,75.04166666666667,Satisfactory,alandur
2024-01-04,58.83770833333333,116.10666666666667,93.30753333333332,2267.2916666666665,14.257708333333333,18.455625,104.64583333333333,17.708333333333332,159.625,62.70477430555556,2335.1822916666665,133.4375,91.29166666666667,Satisfactory,alandur
2024-01-05,48.13625,107.27,75.86426666666667,1756.25,13.080416666666666,18.995625,89.25,16.333333333333332,114.54166666666667,55.61236111111111,1934.7395833333333,100.79166666666667,79.47916666666667,Satisfactory,alandur
2024-01-06,35.963541666666664,76.99166666666666,63.08026666666666,3557.9166666666665,14.317291666666668,18.723125,76.3125,17.875,109.64583333333333,40.5596875,3005.0260416666665,67.54166666666667,86.6875,Moderate,alandur
2024-01-07,47.98791666666667,102.590625,75.78005833333333,2004.375,12.975208333333333,20.013541666666665,88.29166666666667,16.1875,108.83333333333333,42.55697048611111,2364.765625,70.95833333333333,84.89583333333333,Satisfactory,alandur
2024-01-08,48.7475,107.9975,169.9003,2729.1666666666665,15.510208333333333,21.206875,172.375,19.333333333333332,198.125,48.92383680555556,2621.4322916666665,81.5,92.22916666666667,Satisfactory,alandur
2024-01-09,49.00083333333333,107.235,68.58435833333333,2546.25,13.520208333333334,25.518958333333334,80.79166666666667,16.895833333333332,115.14583333333333,47.23491319444444,2678.828125,78.72916666666667,96.39583333333333,Satisfactory,alandur
2024-01-10,59.29208333333333,124.114375,77.4372,2096.6666666666665,14.428125,22.997083333333332,89.6875,17.979166666666668,123.4375,53.19000868055556,2035.6510416666667,89.4375,80.79166666666667,Satisfactory,alandur
2024-01-11,57.856875,127.335625,100.90312499999999,1791.4583333333333,13.966875,21.148333333333333,111.72916666666667,17.458333333333332,149.95833333333334,60.702977430555556,1981.3541666666667,105.5625,81.0,Moderate,alandur
2024-01-12,64.86562500000001,140.31375,75.39348333333334,1928.5416666666667,14.394791666666668,19.934791666666666,87.77083333333333,18.020833333333332,139.70833333333334,63.038776041666665,1833.515625,111.97916666666667,76.64583333333333,Moderate,alandur
2024-01-13,92.40833333333335,207.17437499999997,69.63128333333333,1770.0,15.257083333333334,20.526458333333334,81.72916666666667,19.083333333333332,164.35416666666666,73.60967881944445,1655.1302083333333,145.39583333333334,73.79166666666667,Moderate,alandur
2024-01-14,106.72145833333333,234.06500000000003,82.004425,1596.25,18.726666666666667,20.891875000000002,92.72916666666667,22.6875,248.54166666666666,106.9181857638889,1788.4635416666667,222.04166666666666,78.29166666666667,Very Poor,alandur
2024-01-15,88.22895833333332,201.30958333333334,63.93175,720.0,14.40375,18.52875,75.72916666666667,17.979166666666668,233.54166666666666,102.13261284722222,840.9895833333334,221.72916666666666,42.0625,Very Poor,alandur
2024-01-16,70.01854166666666,156.45895833333333,68.395575,1458.75,13.675208333333332,18.967291666666664,80.1875,17.083333333333332,166.52083333333334,71.09555555555555,1298.6979166666667,141.91666666666666,64.75,Moderate,alandur
2024-01-17,51.30520833333333,112.20687500000001,73.96546666666667,722.9166666666666,12.943958333333333,18.224791666666665,86.02083333333333,16.25,137.47916666666666,61.58607638888889,847.0833333333334,110.625,42.4375,Moderate,alandur
2024-01-18,47.48333333333333,105.22145833333333,67.96513333333333,843.9583333333334,13.315208333333333,15.756666666666668,79.77083333333333,16.645833333333332,104.52083333333333,46.502161458333326,865.3385416666666,77.45833333333333,43.270833333333336,Satisfactory,alandur
2024-01-19,42.956875,95.83125,84.59843333333333,1723.5416666666667,14.169375,15.529583333333333,96.14583333333333,17.625,119.125,45.890329861111105,1669.4010416666667,76.54166666666667,72.1875,Satisfactory,alandur
2024-01-20,57.106875,130.57208333333332,68.23185833333334,1109.7916666666667,13.435833333333333,14.88125,80.95833333333333,16.791666666666668,104.27083333333333,49.52690104166667,1181.9791666666667,82.75,59.083333333333336,Satisfactory,alandur
2024-01-21,48.151041666666664,108.6175,66.17208333333333,1770.8333333333333,13.027916666666668,14.54875,78.1875,16.333333333333332,112.54166666666667,53.09925347222222,1370.234375,88.66666666666667,62.8125,Satisfactory,alandur
2024-01-22,60.726875,127.92145833333332,100.545925,1065.625,10.955,13.575833333333334,112.5,13.770833333333334,129.35416666666666,50.44960069444445,1432.3177083333333,85.60416666666667,55.041666666666664,Satisfactory,alandur
2024-01-23,96.62645833333333,184.2875,104.622,1093.9583333333333,3.795,8.103958333333333,115.45833333333333,4.75,199.79166666666666,85.42279513888889,1105.0520833333333,177.02083333333334,55.270833333333336,Satisfactory,alandur
2024-01-24,101.08645833333333,188.078125,95.23610000000001,1288.125,3.2408333333333332,6.825208333333333,107.1875,4.041666666666667,206.625,100.31934027777777,1175.3385416666667,195.52083333333334,58.604166666666664,Satisfactory,alandur
2024-01-25,101.996875,182.16750000000002,69.87411666666667,1333.3333333333333,2.725,7.169375,82.72916666666667,3.375,207.6875,102.15526041666668,1292.96875,197.66666666666666,64.5625,Very Poor,alandur
2024-01-26,98.00729166666667,174.76916666666668,78.50566666666667,1325.0,2.82625,19.408333333333335,91.1875,3.5625,207.0625,99.92977430555555,1398.515625,196.04166666666666,69.60416666666667,Very Poor,alandur
2024-01-27,84.01666666666667,146.13958333333332,68.34113333333333,1246.0416666666667,2.3962499999999998,7.37375,80.875,3.0,189.20833333333334,88.28067708333333,1231.640625,187.5,61.395833333333336,Satisfactory,alandur
2024-01-28,70.19687499999999,126.76145833333334,55.032691666666665,1356.6666666666667,2.387916666666667,11.428333333333335,66.5625,3.0208333333333335,183.29166666666666,72.92141493055556,1399.21875,167.64583333333334,69.95833333333333,Satisfactory,alandur
2024-01-29,97.41562499999999,166.01583333333335,82.31814999999999,1271.25,3.39,16.182083333333335,94.04166666666667,4.291666666666667,198.625,86.92122395833333,1246.8489583333333,184.39583333333334,62.354166666666664,Very Poor,alandur
2024-01-30,93.26208333333334,175.46062500000002,73.901625,1233.5416666666667,2.230208333333333,11.748125,85.9375,2.8125,201.3125,97.87849826388889,1243.3333333333333,196.70833333333334,62.020833333333336,Satisfactory,alandur
2024-01-31,75.81750000000001,140.13291666666666,64.67043333333334,1252.5,2.6045833333333333,9.000416666666666,77.39583333333333,3.2916666666666665,193.22916666666666,84.80754340277778,1298.8020833333333,182.20833333333334,64.85416666666667,Very Poor,alandur
2024-02-01,48.39854166666667,85.76958333333333,50.82149166666667,1322.5,2.435625,8.115625,63.4375,3.125,132.8125,57.996692708333335,1243.1510416666667,121.8125,62.0,Satisfactory,alandur
2024-02-02,51.41520833333333,89.28583333333334,47.609825,1494.1666666666667,2.2502083333333336,9.958958333333333,59.479166666666664,2.8541666666666665,106.85416666666667,48.29512152777778,1435.0,88.85416666666667,71.16666666666667,Moderate,alandur
2024-02-03,59.604375000000005,106.45541666666666,51.06040833333333,1349.5833333333333,3.0775,14.473333333333334,62.291666666666664,3.8958333333333335,141.10416666666666,57.91375868055556,1446.1458333333333,121.52083333333333,71.5625,Satisfactory,alandur
2024-02-04,59.49937499999999,104.56895833333333,66.91664166666666,1346.6666666666667,2.875833333333333,12.769374999999998,78.97916666666667,3.5833333333333335,152.70833333333334,61.62278645833334,1312.03125,135.66666666666666,65.54166666666667,Poor,alandur
2024-02-05,69.36458333333333,120.86291666666666,63.530683333333336,1351.0416666666667,3.75125,11.515,76.10416666666667,4.708333333333333,149.83333333333334,62.67206597222222,1337.3177083333333,135.79166666666666,66.91666666666667,Poor,alandur
2024-02-06,56.395624999999995,113.65249999999999,66.087875,1299.7916666666667,6.263958333333334,10.059583333333334,77.47916666666667,7.833333333333333,134.5625,62.03041666666667,1348.8541666666667,123.60416666666667,67.29166666666667,Satisfactory,alandur
2024-02-07,66.55854166666667,135.465,82.77796666666667,1350.0,5.964583333333334,9.62875,94.33333333333333,7.520833333333333,146.27083333333334,64.225390625,1292.7864583333333,126.6875,64.75,Satisfactory,alandur
2024-02-08,54.740208333333335,115.94770833333332,63.74609999999999,1296.0416666666667,5.0685416666666665,9.109166666666667,76.60416666666667,6.25,123.14583333333333,59.521909722222226,1319.1666666666667,116.54166666666667,65.8125,Satisfactory,alandur
2024-02-09,57.165,119.129375,79.46759999999999,1329.5833333333333,6.132708333333333,8.270208333333333,89.375,7.666666666666667,134.47916666666666,54.42048611111111,1343.4895833333333,102.64583333333333,67.25,Satisfactory,alandur
2024-02-10,72.70625,114.76583333333333,63.352475,1332.2916666666667,5.92875,9.727708333333334,73.95833333333333,7.416666666666667,129.72916666666666,61.838368055555556,1328.4114583333333,115.64583333333333,66.4375,Moderate,alandur
2024-02-11,75.60458333333334,109.28687500000001,56.71176666666667,1355.625,5.865416666666667,16.919375,67.47916666666667,7.333333333333333,177.54166666666666,81.55059895833334,1334.4270833333333,171.8125,66.75,Moderate,alandur
2024-02-12,48.85270833333333,95.53604166666666,71.09063333333333,1306.25,6.430416666666666,14.259583333333333,80.0,8.041666666666666,136.25,62.15776041666666,1342.96875,113.1875,67.14583333333333,Moderate,alandur
2024-02-13,40.522083333333335,98.56729166666666,60.26065833333333,1318.125,5.516666666666667,10.006458333333333,72.25,6.875,96.8125,42.335026041666666,1301.3802083333333,72.4375,65.0625,Satisfactory,alandur
2024-02-14,40.945,94.8775,58.41669166666667,1311.4583333333333,5.544583333333333,11.99125,69.6875,6.875,90.875,38.74349826388889,1268.90625,64.54166666666667,63.3125,Satisfactory,alandur
2024-02-15,49.19541666666667,114.16562499999999,61.18068333333333,1419.7916666666667,5.997708333333333,12.811666666666667,73.41666666666667,7.520833333333333,110.77083333333333,47.14138888888889,1450.625,82.75,72.375,Satisfactory,alandur
2024-02-16,50.385416666666664,117.87,72.37804166666666,1344.5833333333333,4.327083333333333,11.41375,84.5625,5.416666666666667,118.875,49.19110243055556,1378.0729166666667,88.20833333333333,68.70833333333333,Satisfactory,alandur
2024-02-17,48.39416666666667,112.71729166666667,68.75003333333333,1232.0833333333333,5.069375,8.736041666666667,79.625,6.3125,111.125,50.39618055555556,1243.046875,91.72916666666667,62.166666666666664,Satisfactory,alandur
2024-02-18,53.52854166666666,118.33541666666667,57.61886666666666,1346.0416666666667,5.482291666666666,10.428958333333334,69.20833333333333,6.833333333333333,99.95833333333333,51.154201388888886,1327.3697916666667,87.58333333333333,66.35416666666667,Satisfactory,alandur
2024-02-19,52.817499999999995,114.06145833333333,56.76738333333333,1269.7916666666667,4.835833333333333,10.759375,68.77083333333333,6.0,101.79166666666667,51.08018229166667,1300.5208333333333,89.83333333333333,64.97916666666667,Satisfactory,alandur
2024-02-20,54.8125,115.75125000000001,52.652141666666665,1357.9166666666667,5.1622916666666665,10.171666666666667,64.75,6.458333333333333,104.52083333333333,54.263454861111114,1329.6614583333333,98.60416666666667,66.41666666666667,Moderate,alandur
2024-02-21,56.69145833333334,119.46875,62.54564166666666,1194.375,4.906666666666667,8.393125,73.97916666666667,6.104166666666667,113.22916666666667,55.22019097222222,1178.125,102.41666666666667,58.833333333333336,Satisfactory,alandur
2024-02-22,48.90562499999999,103.9375,49.367625000000004,1319.7916666666667,4.704375,7.788125,61.0625,5.875,100.20833333333333,52.95131076388889,1342.9947916666667,94.20833333333333,67.14583333333333,Moderate,alandur
2024-02-23,45.12583333333333,96.31541666666668,50.39261666666667,1319.1666666666667,4.905833333333333,8.696458333333334,61.854166666666664,6.104166666666667,88.20833333333333,45.85875868055555,1305.625,76.5,65.20833333333333,Satisfactory,alandur
2024-02-24,41.01145833333333,88.14437500000001,57.85151666666667,1297.0833333333333,3.8333333333333335,10.139999999999999,69.27083333333333,4.8125,93.0,42.97749131944445,1293.75,71.625,64.72916666666667,Satisfactory,alandur
2024-02-25,34.99333333333333,76.1125,53.552975,1313.5416666666667,3.7670833333333333,8.166458333333333,64.20833333333333,4.708333333333333,91.08333333333333,38.59105902777778,1323.6197916666667,64.27083333333333,66.08333333333333,Satisfactory,alandur
2024-02-26,29.497291666666666,65.12770833333333,49.89950833333333,1332.5,9.2525,8.766041666666666,60.1875,11.5625,81.22916666666667,32.59551215277778,1303.5677083333333,54.291666666666664,65.10416666666667,Satisfactory,alandur
2024-02-27,20.372916666666665,46.834375,68.36698333333332,1541.875,8.224166666666667,9.916666666666666,77.14583333333333,10.333333333333334,97.39583333333333,23.917413194444446,1463.90625,39.875,71.66666666666667,Satisfactory,alandur
2024-02-28,26.850416666666664,59.831875,48.98614166666667,1407.5,11.622083333333334,9.957500000000001,60.208333333333336,14.541666666666666,83.1875,25.423012152777776,1489.4791666666667,42.354166666666664,72.89583333333333,Satisfactory,alandur
2024-02-29,30.411458333333332,66.93458333333334,61.192433333333334,1487.7083333333333,15.530833333333334,10.698125,72.89583333333333,19.416666666666668,93.4375,28.868055555555557,1434.6354166666667,48.083333333333336,71.35416666666667,Satisfactory,alandur
2024-03-01,57.70041666666666,121.466875,54.965325,1222.2916666666667,9.420833333333333,14.472291666666665,67.25,11.770833333333334,95.29166666666667,46.26091145833333,1314.4270833333333,77.0625,65.60416666666667,Satisfactory,alandur
2024-03-02,67.42687500000001,131.339375,52.20838333333333,1515.4166666666667,10.93125,12.082291666666668,63.541666666666664,13.729166666666666,119.70833333333333,61.98128472222222,1399.6614583333333,114.58333333333333,65.25,Satisfactory,alandur
2024-03-03,48.48354166666667,85.94291666666668,35.94520833333333,1624.1666666666667,6.5304166666666665,13.483541666666667,44.5,8.104166666666666,119.89583333333333,56.74758680555556,1666.7447916666667,109.3125,82.125,Moderate,alandur
2024-03-04,47.23,85.81875000000001,36.349408333333336,1353.5416666666667,8.967291666666666,8.054166666666667,45.125,11.229166666666666,86.20833333333333,47.719296875,1460.5208333333333,80.0,73.0,Satisfactory,alandur
2024-03-05,33.369375,60.69770833333333,26.637249999999998,1113.75,6.535208333333333,7.047083333333333,33.208333333333336,8.145833333333334,71.60416666666667,39.459401041666666,1080.5989583333333,65.83333333333333,54.0,Satisfactory,alandur
2024-03-06,33.6475,62.643750000000004,37.582766666666664,1535.4166666666667,6.9870833333333335,6.423333333333333,44.979166666666664,8.8125,84.70833333333333,33.838515625,1471.796875,56.4375,73.58333333333333,Satisfactory,alandur
2024-03-07,32.75333333333334,60.67520833333333,36.942,1831.25,6.167708333333334,6.411041666666667,45.041666666666664,7.729166666666667,93.9375,31.411197916666666,1801.9270833333333,52.375,89.52083333333333,Satisfactory,alandur
2024-03-08,29.999375,55.549375,24.222233333333335,1795.625,5.920000000000001,9.035833333333333,30.354166666666668,7.395833333333333,90.54166666666667,32.094375,1819.5572916666667,53.5,90.45833333333333,Satisfactory,alandur
2024-03-09,28.502499999999998,53.14604166666667,26.335666666666665,1871.25,5.77375,8.695,32.8125,7.145833333333333,92.08333333333333,28.903732638888886,1843.4895833333333,48.166666666666664,90.75,Satisfactory,alandur
2024-03-10,27.202291666666667,50.25083333333333,31.213874999999998,1856.875,5.0460416666666665,7.82375,38.5,6.270833333333333,94.70833333333333,27.525303819444446,1862.5,45.875,92.54166666666667,Satisfactory,alandur
2024-03-11,26.61854166666667,49.39145833333333,24.716516666666667,1715.0,6.453333333333333,10.035625,30.770833333333332,7.979166666666667,89.625,27.859739583333333,1781.09375,46.354166666666664,88.45833333333333,Satisfactory,alandur
2024-03-12,26.986874999999998,49.90729166666667,32.84908333333333,1726.6666666666667,6.3999999999999995,9.653125000000001,39.083333333333336,7.958333333333333,90.125,25.4709375,1667.34375,42.416666666666664,81.375,Satisfactory,alandur
2024-03-13,32.94,60.531666666666666,18.232866666666666,1724.7916666666667,5.250625,9.964583333333334,22.833333333333332,6.520833333333333,85.6875,29.194383680555557,1722.890625,48.625,85.6875,Satisfactory,alandur
2024-03-14,47.43375,83.69270833333333,14.042033333333334,2088.125,5.032708333333333,11.177083333333334,17.5625,6.354166666666667,101.89583333333333,40.983697916666664,2098.515625,69.4375,98.14583333333333,Moderate,alandur
2024-03-15,45.94020833333334,82.045625,13.707158333333332,1965.0,5.942083333333334,11.84875,17.145833333333332,7.4375,103.625,47.71868055555556,1953.5677083333333,83.77083333333333,95.41666666666667,Moderate,alandur
2024-03-16,35.47020833333333,62.620625,11.672841666666665,1842.7083333333333,5.379166666666666,9.803958333333332,14.625,6.708333333333333,89.58333333333333,41.04005208333333,1824.7135416666667,68.39583333333333,89.58333333333333,Satisfactory,alandur
2024-03-17,25.152291666666667,44.047291666666666,13.590441666666665,1858.3333333333333,3.9010416666666665,9.279375,16.958333333333332,4.8125,93.1875,29.698255208333332,1880.0260416666667,49.520833333333336,93.1875,Satisfactory,alandur
2024-03-18,30.653958333333335,53.763125,14.649508333333332,2192.9166666666665,3.4129166666666664,9.485625,18.3125,4.25,99.97916666666667,26.804374999999997,2119.7916666666665,44.6875,99.97916666666667,Moderate,alandur
2024-03-19,34.73291666666667,62.12041666666667,16.958775,2247.9166666666665,5.542916666666667,9.521041666666667,21.208333333333332,7.0,101.14583333333333,32.225625,2214.375,53.729166666666664,101.14583333333333,Moderate,alandur
2024-03-20,36.62916666666667,66.340625,16.675991666666665,2022.2916666666667,5.185208333333333,10.006874999999999,20.833333333333332,6.583333333333333,100.02083333333333,37.875789930555555,2090.3385416666665,63.166666666666664,100.02083333333333,Moderate,alandur
2024-03-21,36.766041666666666,64.23208333333334,16.61645833333333,1913.75,5.664791666666667,9.462083333333334,20.8125,7.0625,94.83333333333333,34.51720486111111,1881.5364583333333,57.479166666666664,92.14583333333333,Satisfactory,alandur
2024-03-22,42.22104166666667,73.74729166666667,15.802183333333332,1893.9583333333333,4.805,9.433541666666667,19.75,6.020833333333333,104.89583333333333,40.86421875,1945.6770833333333,71.02083333333333,94.0625,Moderate,alandur
2024-03-23,41.802083333333336,88.91208333333333,16.08105,1666.875,7.416875,9.394791666666666,20.0625,9.333333333333334,99.64583333333333,42.421901041666665,1784.921875,73.4375,87.66666666666667,Moderate,alandur
2024-03-24,33.16104166666667,58.834375,16.897675,1870.4166666666667,6.86625,9.945,21.083333333333332,8.541666666666666,88.41666666666667,38.20594618055556,1746.1979166666667,63.729166666666664,86.35416666666667,Satisfactory,alandur
2024-03-25,28.822708333333335,50.97020833333334,16.550266666666666,1953.9583333333333,8.883125,10.6725,20.5625,11.104166666666666,93.85416666666667,29.51322048611111,1951.875,49.166666666666664,93.77083333333333,Moderate,alandur
2024-03-26,26.546875,47.44708333333333,15.393675,1911.875,6.859791666666666,10.18,19.166666666666668,8.541666666666666,93.75,28.22659722222222,1912.5520833333333,46.916666666666664,93.75,Satisfactory,alandur
2024-03-27,27.88145833333333,50.456041666666664,16.3325,1900.8333333333333,6.416250000000001,10.34375,20.333333333333332,8.041666666666666,94.0,27.115225694444444,1903.59375,45.229166666666664,94.0,Satisfactory,alandur
2024-03-28,40.363958333333336,75.750625,15.168075,1486.0416666666667,6.969375,9.774583333333334,18.895833333333332,8.75,90.16666666666667,34.42717881944444,1623.28125,57.4375,78.89583333333333,Satisfactory,alandur
2024-03-29,38.94833333333333,73.29041666666667,12.19885,1855.4166666666667,7.4425,9.727083333333333,15.229166666666666,9.333333333333334,90.52083333333333,39.361032986111105,1704.84375,65.6875,84.6875,Satisfactory,alandur
2024-03-30,39.31229166666667,73.88625,14.310716666666666,1935.0,5.931458333333333,9.762500000000001,17.875,7.4375,91.27083333333333,39.467586805555555,1887.890625,65.89583333333333,91.27083333333333,Satisfactory,alandur
2024-03-31,37.811875,71.318125,22.225125000000002,2038.5416666666667,7.016041666666666,9.709999999999999,27.833333333333332,8.8125,98.04166666666667,38.31986111111111,2081.8489583333335,63.979166666666664,98.04166666666667,Moderate,alandur
2024-04-01,37.9375,71.6075,15.738733333333334,1602.0833333333333,6.152083333333334,9.035416666666666,19.6875,7.708333333333333,91.16666666666667,38.05016493055555,1738.125,63.520833333333336,86.16666666666667,Satisfactory,alandur
2024-04-02,38.71333333333333,68.45479166666667,13.505449999999998,2182.7083333333335,5.553958333333333,10.128958333333333,16.895833333333332,6.979166666666667,94.72916666666667,37.75306423611111,1980.9114583333333,63.020833333333336,92.08333333333333,Moderate,alandur
2024-04-03,31.419583333333332,52.86333333333334,16.06695,1957.5,6.072916666666667,11.086875,20.083333333333332,7.6875,96.41666666666667,33.824244791666665,2026.7708333333333,56.395833333333336,96.41666666666667,Satisfactory,alandur
2024-04-04,27.965416666666666,47.05020833333333,19.519491666666664,2215.4166666666665,4.7475,12.299791666666666,24.375,5.9375,101.97916666666667,29.341909722222223,2197.7083333333335,48.958333333333336,101.97916666666667,Moderate,alandur
2024-04-05,26.4575,44.487291666666664,15.759099999999998,1927.7083333333333,4.653958333333334,11.659374999999999,19.6875,5.875,95.89583333333333,28.594392361111108,1955.234375,47.604166666666664,95.89583333333333,Satisfactory,alandur
2024-04-06,29.59875,49.83041666666667,15.363124999999998,1758.5416666666667,5.272083333333334,12.344791666666666,19.25,6.520833333333333,88.0625,26.795251736111112,1793.0208333333333,44.708333333333336,88.0625,Satisfactory,alandur
2024-04-07,28.762291666666666,48.368541666666665,15.550341666666666,1873.9583333333333,4.746666666666667,11.901874999999999,19.416666666666668,5.958333333333333,91.91666666666667,29.681223958333334,1850.0520833333333,49.395833333333336,91.91666666666667,Satisfactory,alandur
2024-04-08,31.89,53.643125,14.466208333333332,1814.375,5.028333333333333,16.84375,18.125,6.270833333333333,89.9375,30.54013888888889,1823.9322916666667,50.895833333333336,89.9375,Satisfactory,alandur
2024-04-09,28.436666666666667,47.87416666666667,16.367749999999997,1990.4166666666667,4.834791666666667,18.735416666666666,20.395833333333332,6.083333333333333,94.85416666666667,30.008333333333336,1974.5572916666667,50.020833333333336,94.66666666666667,Satisfactory,alandur
2024-04-10,38.139583333333334,64.25270833333333,17.959091666666666,1953.75,4.655833333333334,20.182291666666668,22.458333333333332,5.75,95.33333333333333,33.614704861111115,1948.90625,56.020833333333336,95.33333333333333,Satisfactory,alandur
2024-04-11,27.785833333333333,46.7775,18.172549999999998,1812.9166666666667,8.626666666666667,15.534583333333332,22.6875,10.791666666666666,91.29166666666667,34.27912326388889,1832.5260416666667,57.166666666666664,91.29166666666667,Satisfactory,alandur
2024-04-12,23.986041666666665,40.31375,17.362583333333333,1926.6666666666667,6.809375,20.68,21.708333333333332,8.541666666666666,92.64583333333333,24.184557291666664,1871.875,40.333333333333336,92.64583333333333,Satisfactory,alandur
2024-04-13,30.163541666666664,50.79145833333333,18.75260833333333,1984.7916666666667,7.327083333333333,21.174166666666668,23.479166666666668,9.104166666666666,96.66666666666667,27.716623263888888,2021.25,46.1875,96.66666666666667,Moderate,alandur
2024-04-14,33.373333333333335,56.23875,17.07000833333333,1844.1666666666667,6.976458333333333,23.901875,21.291666666666668,8.625,92.64583333333333,32.03967013888889,1865.5989583333333,53.375,92.64583333333333,Satisfactory,alandur
2024-04-15,31.489166666666666,53.08354166666667,16.977574999999998,1670.8333333333333,3.950625,17.71375,21.3125,4.916666666666667,81.33333333333333,32.235173611111115,1624.7395833333333,53.770833333333336,81.02083333333333,Satisfactory,alandur
2024-04-16,33.415625,56.337291666666665,16.994024999999997,1860.8333333333333,4.865833333333334,14.868541666666665,21.270833333333332,6.104166666666667,90.39583333333333,32.08263888888889,1878.75,53.541666666666664,90.39583333333333,Moderate,alandur
2024-04-17,31.605833333333333,53.21645833333333,23.882658333333335,1641.4583333333333,4.064791666666667,11.9625,29.875,5.125,83.70833333333333,32.21515625,1676.2760416666667,53.6875,83.6875,Satisfactory,alandur
2024-04-18,27.410833333333333,46.087291666666665,16.653274999999997,1813.125,3.409791666666667,11.436875,20.854166666666668,4.291666666666667,87.4375,29.7721875,1780.859375,49.604166666666664,87.4375,Satisfactory,alandur
2024-04-19,25.151875,42.260416666666664,16.883966666666666,1763.9583333333333,3.2597916666666666,11.389791666666667,21.145833333333332,3.9791666666666665,87.33333333333333,25.768211805555556,1792.4479166666667,42.958333333333336,87.33333333333333,Satisfactory,alandur
2024-04-20,25.425,42.76583333333334,15.23035,1758.125,3.4656249999999997,11.402291666666665,19.104166666666668,4.3125,86.95833333333333,24.78260416666667,1755.1822916666667,41.354166666666664,86.95833333333333,Satisfactory,alandur
2024-04-21,26.607916666666668,44.758541666666666,16.744141666666668,1964.5833333333333,3.4133333333333336,12.145208333333334,20.916666666666668,4.270833333333333,93.16666666666667,26.806241319444442,1919.9479166666667,44.666666666666664,93.16666666666667,Moderate,alandur
2024-04-22,25.313125,42.565000000000005,21.325466666666667,1719.1666666666667,3.5822916666666664,11.737083333333333,26.625,4.458333333333333,85.625,25.866397569444445,1726.5364583333333,43.0625,85.25,Satisfactory,alandur
2024-04-23,25.825,43.461666666666666,26.477058333333332,1942.9166666666667,3.4452083333333334,11.757916666666667,33.125,4.3125,93.27083333333333,25.264557291666666,1937.578125,42.145833333333336,93.27083333333333,Moderate,alandur
2024-04-24,28.65375,48.20729166666666,21.539316666666664,1701.875,3.456875,12.376249999999999,26.9375,4.333333333333333,87.375,27.829010416666666,1749.140625,46.416666666666664,86.83333333333333,Satisfactory,alandur
2024-04-25,27.78916666666667,46.805,19.277833333333334,1861.6666666666667,2.8847916666666666,12.778125000000001,24.020833333333332,3.5833333333333335,88.41666666666667,28.43089409722222,1816.953125,47.270833333333336,88.41666666666667,Satisfactory,alandur
2024-04-26,27.734166666666667,46.695625,18.91515,1756.875,8.620416666666666,12.950833333333334,23.604166666666668,10.729166666666666,89.22916666666667,27.360755208333334,1815.3385416666667,45.5625,89.22916666666667,Satisfactory,alandur
2024-04-27,28.440625,47.90229166666666,18.526225,1567.5,17.038124999999997,12.212083333333334,23.0625,21.104166666666668,78.39583333333333,28.67846354166667,1568.7239583333333,47.8125,78.39583333333333,Satisfactory,alandur
2024-04-28,28.174374999999998,47.41416666666667,17.890158333333332,1612.9166666666667,17.06,12.09625,22.229166666666668,21.145833333333332,80.54166666666667,27.92612847222222,1613.671875,46.583333333333336,80.54166666666667,Satisfactory,alandur
2024-04-29,24.943125,41.92125,17.274849999999997,1518.5416666666667,16.800833333333333,11.725625,21.458333333333332,20.854166666666668,75.97916666666667,26.60876736111111,1518.6979166666667,44.4375,75.97916666666667,Satisfactory,alandur
2024-04-30,28.272916666666664,47.549791666666664,19.123124999999998,1586.4583333333333,10.52875,12.826875000000001,23.875,13.020833333333334,76.91666666666667,25.596944444444443,1539.53125,42.729166666666664,76.91666666666667,Satisfactory,alandur
2024-05-01,44.50145833333334,74.84520833333333,33.147533333333335,2041.6666666666667,4.728958333333334,12.077708333333334,41.666666666666664,5.666666666666667,96.64583333333333,35.46644097222222,2029.21875,59.083333333333336,96.375,Moderate,alandur
2024-05-02,36.13229166666667,60.75062499999999,22.82398333333333,2318.3333333333335,7.827708333333334,12.236875,28.604166666666668,9.0,102.85416666666667,42.710538194444446,2263.1510416666665,71.0625,102.72916666666667,Moderate,alandur
2024-05-03,42.32333333333333,71.33125,17.999433333333332,2192.5,4.244166666666667,11.621250000000002,22.5,5.229166666666667,95.1875,36.531223958333335,2108.7760416666665,60.791666666666664,95.1875,Satisfactory,alandur
2024-05-04,36.707708333333336,64.829375,16.901591666666665,1929.1666666666667,2.5933333333333333,9.970833333333333,21.166666666666668,3.2708333333333335,108.4375,45.70169270833333,2046.484375,82.02083333333333,95.4375,Moderate,alandur
2024-05-05,29.0825,86.35354166666667,16.487599999999997,1807.7083333333333,2.7072916666666664,10.084999999999999,20.666666666666668,3.3958333333333335,90.52083333333333,29.671484375000002,1814.4010416666667,49.395833333333336,90.52083333333333,Satisfactory,alandur
2024-05-06,27.889166666666668,48.88333333333333,16.157033333333334,1745.8333333333333,3.4591666666666665,10.111875,20.229166666666668,4.375,88.375,24.71506076388889,1787.8645833333333,41.270833333333336,88.375,Satisfactory,alandur
2024-05-07,16.937916666666666,28.98375,15.647083333333333,2235.0,2.8354166666666667,9.761666666666667,19.541666666666668,3.5208333333333335,99.39583333333333,24.746805555555554,2112.4479166666665,41.229166666666664,99.39583333333333,Moderate,alandur
2024-05-08,18.143125,31.06375,16.280016666666665,2059.7916666666665,3.7110416666666666,13.029166666666667,20.333333333333332,4.6875,100.1875,18.123506944444443,2183.671875,30.145833333333332,100.1875,Moderate,alandur
2024-05-09,15.496250000000002,26.467916666666667,16.6427,1998.125,4.554166666666666,9.968124999999999,20.8125,5.6875,93.64583333333333,18.110130208333334,1938.203125,30.25,93.64583333333333,Satisfactory,alandur
2024-05-10,13.568541666666667,23.07375,17.925016666666668,1803.3333333333333,2.7797916666666667,10.765416666666667,22.416666666666668,3.4791666666666665,91.27083333333333,13.633949652777778,1863.7239583333333,22.791666666666668,91.27083333333333,Satisfactory,alandur
2024-05-11,15.363124999999998,26.269166666666667,17.672,1858.9583333333333,3.0683333333333334,8.978125,22.145833333333332,3.8125,90.29166666666667,14.43421875,1837.7083333333333,24.104166666666668,90.29166666666667,Satisfactory,alandur
2024-05-12,15.79125,27.18875,14.065925,1672.7083333333333,3.8697916666666665,10.291666666666666,17.666666666666668,4.8125,85.3125,15.193081597222223,1740.15625,25.333333333333332,85.3125,Satisfactory,alandur
2024-05-13,13.538958333333333,23.22375,16.07635,1959.375,4.81125,10.241666666666667,20.0625,6.020833333333333,93.70833333333333,15.905086805555555,1907.8385416666667,26.479166666666668,93.70833333333333,Satisfactory,alandur
2024-05-14,16.330000000000002,28.383958333333336,21.81975,1886.0416666666667,6.368125,10.204166666666667,26.979166666666668,8.020833333333334,94.3125,15.104149305555557,1875.5989583333333,25.0625,92.375,Satisfactory,alandur
2024-05-15,12.717291666666668,21.951875,18.503508333333333,2101.25,4.2143749999999995,13.762708333333334,23.104166666666668,5.291666666666667,99.79166666666667,13.36243923611111,2084.2447916666665,22.208333333333332,99.79166666666667,Moderate,alandur
2024-05-16,13.154583333333333,22.735625,23.073866666666664,2039.5833333333333,5.027708333333333,12.624166666666667,28.979166666666668,6.291666666666667,98.66666666666667,13.316857638888889,2012.2135416666667,22.291666666666668,98.66666666666667,Satisfactory,alandur
2024-05-17,17.098958333333332,29.849166666666665,17.97710833333333,1452.0833333333333,4.06625,11.91625,22.479166666666668,5.083333333333333,82.25,17.290859375,1591.3020833333333,28.708333333333332,78.29166666666667,Satisfactory,alandur
2024-05-18,10.77375,18.469166666666666,18.37465,2349.375,4.995208333333333,9.611041666666667,22.833333333333332,6.25,98.89583333333333,11.981753472222222,2230.4166666666665,19.9375,98.89583333333333,Moderate,alandur
2024-05-19,11.415625,19.625625,22.70413333333333,1622.0833333333333,3.517916666666667,10.671666666666667,28.1875,4.395833333333333,83.83333333333333,11.537760416666666,1683.1510416666667,19.270833333333332,82.25,Satisfactory,alandur
2024-05-20,14.173958333333333,24.70625,25.073716666666666,1720.4166666666667,5.082916666666667,9.892083333333334,30.6875,6.395833333333333,85.5625,13.430243055555556,1718.2291666666667,22.5,81.54166666666667,Satisfactory,alandur
2024-05-21,18.464583333333334,32.297291666666666,27.312483333333333,1553.9583333333333,5.621666666666666,15.193541666666667,33.520833333333336,7.041666666666667,84.10416666666667,14.467586805555555,1580.9114583333333,24.229166666666668,78.64583333333333,Satisfactory,alandur
2024-05-22,19.528125,111.20666666666666,23.539166666666663,1605.4166666666667,6.665208333333333,19.813333333333333,29.4375,8.229166666666666,78.5,19.86970486111111,1558.8802083333333,33.25,76.52083333333333,Satisfactory,alandur
2024-05-23,44.88708333333333,34.538333333333334,22.580366666666666,1711.25,6.9191666666666665,13.865625,28.291666666666668,8.604166666666666,100.79166666666667,38.93340277777778,1731.7708333333333,74.1875,81.83333333333333,Moderate,alandur
2024-05-24,33.82625,48.78062499999999,21.180941666666666,1723.75,4.514166666666667,16.501250000000002,26.479166666666668,5.645833333333333,84.9375,31.017065972222223,1653.359375,53.916666666666664,80.0,Satisfactory,alandur
2024-05-25,33.176458333333336,42.786458333333336,21.75786666666667,1852.5,3.672708333333333,21.759583333333335,27.104166666666668,4.604166666666667,83.91666666666667,33.667994791666665,1855.9635416666667,56.1875,83.79166666666667,Satisfactory,alandur
2024-05-26,25.840416666666666,30.356458333333336,21.11788333333333,1575.4166666666667,3.6585416666666664,13.661666666666667,26.458333333333332,4.6875,80.0625,32.79783854166667,1664.609375,54.75,80.04166666666667,Satisfactory,alandur
2024-05-27,35.016666666666666,49.24541666666667,20.331416666666666,1824.5833333333333,3.893541666666667,16.071875000000002,25.4375,4.916666666666667,81.70833333333333,25.26477430555555,1745.5989583333333,42.25,81.70833333333333,Satisfactory,alandur
2024-05-28,60.59437500000001,85.41729166666666,22.88195,1828.5416666666667,4.827083333333333,15.426458333333334,28.666666666666668,6.020833333333333,95.5,50.22090277777778,1836.3541666666667,87.85416666666667,83.77083333333333,Moderate,alandur
2024-05-29,53.28666666666666,76.568125,22.725283333333334,1800.8333333333333,4.5772916666666665,18.002083333333335,28.375,5.729166666666667,99.29166666666667,57.886814236111114,1817.7864583333333,97.77083333333333,83.33333333333333,Moderate,alandur
2024-05-30,46.508125,67.26166666666667,20.255824999999998,1607.0833333333333,5.093125,14.708541666666667,25.291666666666668,6.354166666666667,90.0625,50.33400173611111,1645.3645833333333,83.89583333333333,79.64583333333333,Satisfactory,alandur
2024-05-31,39.33833333333333,48.17916666666667,20.096025,1729.5833333333333,4.212291666666666,7.68625,25.125,5.208333333333333,84.45833333333333,42.041484375,1683.046875,71.0,81.375,Satisfactory,alandur
2024-06-01,38.12729166666667,48.35166666666667,19.279008333333334,1639.1666666666667,3.0091666666666668,5.498125000000001,24.145833333333332,3.75,84.83333333333333,39.070703125,1685.8333333333333,66.95833333333333,81.35416666666667,Moderate,alandur
2024-06-02,36.152499999999996,177.31375,18.624533333333336,1670.4166666666667,3.0004166666666667,9.072083333333333,23.083333333333332,3.6875,81.52083333333333,34.47776909722222,1657.890625,57.416666666666664,81.52083333333333,Satisfactory,alandur
2024-06-03,34.652499999999996,452.174375,19.075733333333332,1688.5416666666667,2.5833333333333335,8.584999999999999,23.645833333333332,3.2916666666666665,80.91666666666667,38.08839409722222,1666.6666666666667,63.4375,80.91666666666667,Satisfactory,alandur
2024-06-04,41.16916666666666,448.88145833333334,23.441641666666666,1672.0833333333333,3.6633333333333336,7.107916666666667,29.104166666666668,4.520833333333333,83.79166666666667,36.45659722222222,1686.9791666666667,60.770833333333336,81.60416666666667,Satisfactory,alandur
2024-06-05,25.535625,290.066875,26.084608333333332,1511.25,3.3039583333333336,6.697708333333334,32.229166666666664,4.083333333333333,83.875,36.56916666666667,1562.2395833333333,62.916666666666664,77.04166666666667,Satisfactory,alandur
2024-06-06,22.878541666666667,35.87916666666667,29.531666666666666,1585.4166666666667,3.922083333333333,7.277708333333333,36.145833333333336,4.854166666666667,79.22916666666667,22.59720486111111,1493.59375,37.8125,73.91666666666667,Satisfactory,alandur
2024-06-07,21.071666666666665,33.97291666666667,26.074425,1569.1666666666667,5.0225,5.52625,32.416666666666664,6.3125,80.54166666666667,20.148611111111112,1625.078125,33.708333333333336,78.1875,Satisfactory,alandur
2024-06-08,19.362708333333334,30.692083333333333,22.688858333333332,1898.9583333333333,3.8699999999999997,5.780208333333333,28.354166666666668,4.770833333333333,84.91666666666667,20.725850694444443,1877.8125,34.6875,84.16666666666667,Moderate,alandur
2024-06-09,20.675416666666667,32.770625,21.825233333333333,1617.5,3.463125,5.921666666666667,27.375,4.333333333333333,81.52083333333333,20.07223090277778,1654.1145833333333,33.604166666666664,80.85416666666667,Satisfactory,alandur
2024-06-10,26.56125,41.85708333333333,26.450033333333334,1644.7916666666667,3.2027083333333333,6.893958333333334,32.8125,4.104166666666667,84.02083333333333,23.390217013888886,1625.9114583333333,39.166666666666664,80.6875,Satisfactory,alandur
2024-06-11,27.753333333333334,43.57479166666667,24.640925,1615.625,4.819166666666667,6.197916666666667,30.604166666666668,6.083333333333333,83.91666666666667,27.669626736111113,1637.6041666666667,46.229166666666664,80.9375,Satisfactory,alandur
2024-06-12,22.933125,36.32020833333333,27.83575,1645.625,5.148541666666667,5.78375,34.458333333333336,6.416666666666667,84.77083333333333,24.178281249999998,1650.0,40.458333333333336,80.9375,Satisfactory,alandur
2024-06-13,18.373124999999998,79.25833333333334,24.80973333333333,2036.6666666666667,5.1293750000000005,5.5027083333333335,30.416666666666668,6.375,86.97916666666667,22.04785590277778,1908.9322916666667,36.854166666666664,83.0,Satisfactory,alandur
2024-06-14,28.366041666666664,44.91729166666667,20.083099999999998,1427.7083333333333,4.9522916666666665,5.501875000000001,25.1875,6.1875,77.8125,22.002439236111112,1640.9375,36.625,77.60416666666667,Satisfactory,alandur
2024-06-15,43.68666666666667,68.83854166666667,21.150783333333333,1683.3333333333333,5.226249999999999,5.80375,26.5,6.458333333333333,81.625,33.72549479166667,1571.3802083333333,57.729166666666664,77.0,Satisfactory,alandur
2024-06-16,32.214999999999996,50.61041666666667,19.16033333333333,1589.1666666666667,4.662916666666667,6.414791666666667,23.916666666666668,5.833333333333333,94.41666666666667,40.94627604166667,1589.6875,74.97916666666667,79.0625,Satisfactory,alandur
2024-06-17,25.9325,41.05166666666667,18.034683333333334,1825.0,4.374791666666667,6.796458333333334,22.604166666666668,5.520833333333333,82.75,28.009296875,1780.0520833333333,46.583333333333336,82.75,Satisfactory,alandur
2024-06-18,22.242708333333336,35.08208333333334,21.233425,943.75,4.095,7.401041666666667,26.520833333333332,5.125,70.54166666666667,26.138749999999998,1147.7083333333333,43.666666666666664,54.645833333333336,Satisfactory,alandur
2024-06-19,17.922916666666666,28.557708333333334,20.692533333333333,1617.7083333333333,5.073958333333334,6.070833333333334,25.979166666666668,6.25,74.27083333333333,19.115364583333335,1465.0520833333333,31.770833333333332,73.0,Satisfactory,alandur
2024-06-20,24.026458333333334,38.030625,19.37105,1569.375,3.9941666666666666,5.955416666666667,24.291666666666668,5.020833333333333,78.125,20.36493923611111,1580.6510416666667,33.791666666666664,78.125,Satisfactory,alandur
2024-06-21,24.300416666666667,38.423541666666665,20.429333333333332,1766.6666666666667,3.433958333333333,5.805,25.625,4.229166666666667,81.27083333333333,25.04040798611111,1716.0677083333333,41.6875,81.27083333333333,Satisfactory,alandur
2024-06-22,29.253958333333333,46.059374999999996,20.471633333333333,1783.125,3.249791666666667,6.045000000000001,25.625,4.041666666666667,83.52083333333333,26.325303819444443,1792.3958333333333,43.916666666666664,83.1875,Moderate,alandur
2024-06-23,27.770416666666666,43.68979166666667,22.404116666666667,1577.7083333333333,3.5525,6.711875,27.666666666666668,4.4375,81.25,28.785468750000003,1609.0364583333333,48.0,78.3125,Satisfactory,alandur
2024-06-24,29.89375,46.95249999999999,19.677725,1822.5,3.595625,6.743958333333333,24.666666666666668,4.5,82.95833333333333,28.615442708333333,1765.8072916666667,47.5,82.8125,Satisfactory,alandur
2024-06-25,31.001875,48.818125,18.415383333333335,1730.2083333333333,3.566875,8.679375,23.0625,4.458333333333333,83.16666666666667,30.44373263888889,1786.9270833333333,50.75,83.16666666666667,Satisfactory,alandur
2024-06-26,30.542916666666667,47.95166666666666,18.890866666666664,1789.7916666666667,3.858333333333333,8.002291666666666,23.625,4.833333333333333,83.0625,30.929574652777777,1773.9583333333333,51.6875,83.0625,Moderate,alandur
2024-06-27,27.135416666666668,53.553125,19.673416666666665,1727.5,3.988958333333333,8.290208333333334,24.645833333333332,5.020833333333333,82.375,29.934010416666666,1736.1979166666667,50.0,82.375,Moderate,alandur
2024-06-28,33.766875,54.788333333333334,18.278299999999998,1725.0,4.701666666666667,8.287916666666666,23.0,5.8125,82.08333333333333,29.649053819444447,1716.8489583333333,49.4375,82.08333333333333,Moderate,alandur
2024-06-29,34.847500000000004,50.956875,21.617258333333336,1751.875,4.211458333333334,11.635625,26.708333333333332,5.208333333333333,86.52083333333333,31.18998263888889,1764.3229166666667,51.979166666666664,82.8125,Moderate,alandur
2024-06-30,48.50895833333333,48.098749999999995,16.880441666666666,1648.3333333333333,4.168333333333334,11.773541666666667,21.0625,5.229166666666667,121.39583333333333,49.36025173611111,1647.03125,102.33333333333333,81.1875,Satisfactory,alandur
2024-07-01,36.0475,45.57604166666667,18.888516666666664,1656.6666666666667,3.839166666666667,8.377291666666666,23.583333333333332,4.833333333333333,89.6875,39.49790798611111,1660.7552083333333,70.14583333333333,80.75,Satisfactory,alandur
2024-07-02,31.670833333333334,58.21479166666666,17.174975,1576.0416666666667,2.783958333333333,8.009791666666667,21.541666666666668,3.4791666666666665,79.60416666666667,33.06160590277778,1589.8177083333333,55.1875,79.41666666666667,Satisfactory,alandur
2024-07-03,30.761458333333334,54.96395833333333,18.01588333333333,1561.6666666666667,2.816875,9.804166666666667,22.458333333333332,3.4583333333333335,79.47916666666667,29.286440972222223,1615.4427083333333,48.729166666666664,79.47916666666667,Satisfactory,alandur
2024-07-04,28.00854166666667,52.209375,20.441083333333335,1618.75,2.8920833333333333,8.132708333333333,25.583333333333332,3.6041666666666665,77.97916666666667,30.98988715277778,1558.125,51.5625,77.60416666666667,Satisfactory,alandur
2024-07-05,27.091041666666666,42.620416666666664,18.56265,1569.1666666666667,3.4272916666666666,9.874166666666666,23.1875,4.333333333333333,78.375,26.1371875,1564.9739583333333,43.583333333333336,78.20833333333333,Satisfactory,alandur
2024-07-06,26.658958333333334,42.55104166666667,21.156658333333333,1703.75,2.890416666666667,7.377083333333334,26.354166666666668,3.6458333333333335,83.47916666666667,26.234835069444443,1698.828125,43.708333333333336,82.0,Satisfactory,alandur
2024-07-07,32.546875,61.99208333333333,25.1027,1383.75,2.5852083333333336,9.960208333333332,30.8125,3.1875,80.10416666666667,32.31333333333333,1457.734375,53.854166666666664,72.375,Satisfactory,alandur
2024-07-08,41.95875,67.52083333333333,20.656499999999998,1647.2916666666667,4.333333333333333,9.752083333333333,25.791666666666668,5.395833333333333,80.16666666666667,35.166927083333334,1550.7291666666667,58.645833333333336,76.8125,Satisfactory,alandur
2024-07-09,45.23708333333334,72.79708333333333,19.8246,1725.625,3.3222916666666666,8.606041666666666,24.8125,4.208333333333333,89.10416666666667,44.461336805555554,1739.6614583333333,74.10416666666667,82.47916666666667,Satisfactory,alandur
2024-07-10,39.848958333333336,63.46541666666667,18.114191666666667,1626.875,2.551458333333333,12.359583333333333,22.604166666666668,3.2083333333333335,86.25,43.033784722222215,1661.5364583333333,71.6875,80.58333333333333,Satisfactory,alandur
2024-07-11,52.0,83.98041666666667,20.392908333333335,1247.0833333333333,3.0152083333333333,7.773125,25.479166666666668,3.7916666666666665,83.41666666666667,43.853168402777776,1195.2864583333333,74.89583333333333,57.916666666666664,Satisfactory,alandur
2024-07-12,40.68541666666667,65.31979166666666,18.869716666666665,1688.5416666666667,4.911666666666666,8.160208333333333,23.583333333333332,6.104166666666667,107.625,49.01688368055556,1743.6197916666667,86.0625,82.29166666666667,Moderate,alandur
2024-07-13,50.026875,80.52333333333333,19.99575833333333,1872.5,6.122708333333333,8.153125000000001,25.020833333333332,7.6875,92.5,45.998645833333335,1821.328125,76.6875,83.04166666666667,Satisfactory,alandur
2024-07-14,44.90041666666667,71.97708333333333,20.435208333333332,1664.375,6.489583333333333,8.158541666666666,25.604166666666668,8.104166666666666,92.22916666666667,47.753689236111114,1673.5677083333333,79.60416666666667,80.97916666666667,Satisfactory,alandur
2024-07-15,47.22375,76.533125,19.60918333333333,1711.875,4.852291666666667,9.028125000000001,24.4375,6.104166666666667,99.02083333333333,49.72618923611111,1706.7708333333333,83.0625,81.72916666666667,Satisfactory,alandur
2024-07-16,35.330625000000005,57.600625,15.826858333333332,1663.9583333333333,2.5925,8.905,19.8125,3.1875,88.41666666666667,34.35501736111111,1678.8020833333333,57.270833333333336,81.52083333333333,Satisfactory,alandur
2024-07-17,56.001875000000005,87.85708333333334,17.977891666666668,1666.6666666666667,2.907083333333333,9.504375,22.479166666666668,3.6041666666666665,122.72916666666667,49.40433159722222,1683.4375,94.0625,81.35416666666667,Moderate,alandur
2024-07-18,42.873124999999995,70.24083333333333,19.061241666666664,1622.0833333333333,3.7972916666666667,9.221874999999999,23.8125,4.791666666666667,95.875,42.22512152777778,1602.8645833333333,73.0,79.66666666666667,Satisfactory,alandur
2024-07-19,38.40270833333333,62.937083333333334,20.509625,1700.8333333333333,3.6402083333333333,9.035208333333333,25.75,4.520833333333333,120.64583333333333,45.66489583333333,1694.6875,86.0,82.10416666666667,Moderate,alandur
2024-07-20,54.76666666666667,89.91229166666666,19.87590833333333,1593.5416666666667,3.5829166666666663,9.49625,24.833333333333332,4.5625,106.02083333333333,41.64624131944445,1578.4375,74.20833333333333,78.25,Satisfactory,alandur
2024-07-21,47.017291666666665,77.52708333333334,18.832116666666668,1612.0833333333333,2.5139583333333335,8.751041666666667,23.604166666666668,3.1458333333333335,160.54166666666666,58.478029513888885,1627.0833333333333,128.58333333333334,79.35416666666667,Poor,alandur
2024-07-22,60.7925,100.155625,18.68485,1506.875,4.199583333333334,8.745833333333334,23.3125,5.270833333333333,130.04166666666666,46.54946180555555,1533.046875,94.8125,76.52083333333333,Satisfactory,alandur
2024-07-23,47.295625,77.63125,17.100166666666667,1642.0833333333333,3.9925,8.858541666666666,21.395833333333332,5.0,157.70833333333334,57.297352430555556,1613.125,124.8125,80.14583333333333,Satisfactory,alandur
2024-07-24,33.94083333333334,55.40395833333333,18.82271666666667,1712.0833333333333,3.1235416666666667,8.627083333333333,23.541666666666668,3.9166666666666665,112.66666666666667,42.33441840277778,1747.4739583333333,76.58333333333333,82.5,Moderate,alandur
2024-07-25,40.15333333333333,65.951875,18.469825,1612.0833333333333,2.8249999999999997,9.134375,23.104166666666668,3.5208333333333335,95.9375,36.729869791666665,1569.7395833333333,63.520833333333336,77.58333333333333,Satisfactory,alandur
2024-07-26,52.954375,86.77458333333334,18.362508333333334,1805.8333333333333,2.8322916666666664,9.236666666666666,22.958333333333332,3.5625,131.79166666666666,47.41676215277778,1771.9270833333333,94.16666666666667,82.89583333333333,Moderate,alandur
2024-07-27,46.44083333333333,76.25229166666666,25.93773333333333,1815.8333333333333,3.078333333333333,8.5025,31.291666666666668,3.8541666666666665,131.14583333333334,49.106996527777774,1850.3645833333333,95.0625,83.85416666666667,Moderate,alandur
2024-07-28,59.01625000000001,97.30874999999999,18.167458333333332,1366.0416666666667,3.3989583333333333,8.281875000000001,22.770833333333332,4.354166666666667,132.5,51.32290798611111,1423.6197916666667,106.70833333333333,70.6875,Satisfactory,alandur
2024-07-29,51.36145833333333,84.13520833333334,17.3007,1707.7083333333333,3.0693750000000004,8.144375,21.625,3.8125,158.64583333333334,56.26206597222222,1654.0625,123.47916666666667,80.25,Moderate,alandur
2024-07-30,57.622083333333336,68.47770833333333,18.5791,1705.0,3.324375,8.268958333333334,23.25,4.125,137.60416666666666,52.64384548611111,1691.5104166666667,106.47916666666667,81.1875,Moderate,alandur
2024-07-31,50.31395833333334,83.00916666666667,16.816599999999998,1653.3333333333333,3.42,8.509583333333333,20.916666666666668,4.270833333333333,146.14583333333334,53.92477430555556,1645.4427083333333,113.64583333333333,79.66666666666667,Moderate,alandur
2024-08-01,57.42979166666667,94.17395833333335,16.487991666666666,1499.375,2.873333333333333,8.104375,20.666666666666668,3.5416666666666665,143.33333333333334,52.54669270833333,1557.890625,111.58333333333333,76.45833333333333,Moderate,alandur
2024-08-02,55.367916666666666,90.799375,17.572908333333334,1679.5833333333333,3.3814583333333332,8.020208333333333,21.9375,4.1875,156.75,59.22269097222222,1645.5729166666667,127.89583333333333,79.375,Moderate,alandur
2024-08-03,52.128125000000004,86.161875,16.740225,1611.0416666666667,3.030416666666667,8.335625,20.9375,3.7916666666666665,162.16666666666666,59.151293402777775,1632.2916666666667,130.75,78.6875,Moderate,alandur
2024-08-04,43.82416666666666,72.47250000000001,17.368458333333333,1586.875,4.7664583333333335,9.069583333333334,21.583333333333332,5.895833333333333,118.39583333333333,42.51083333333333,1560.4166666666667,82.25,76.60416666666667,Moderate,alandur
2024-08-05,55.58625,91.53645833333333,14.586841666666666,1897.5,4.87375,7.927916666666667,18.229166666666668,6.083333333333333,163.27083333333334,53.44298611111111,1842.7864583333333,119.72916666666667,82.95833333333333,Poor,alandur
2024-08-06,58.210625,95.28291666666667,15.101491666666666,1753.9583333333333,4.748333333333333,8.035208333333333,18.875,5.958333333333333,151.97916666666666,62.005642361111114,1796.6145833333333,128.70833333333334,82.16666666666667,Moderate,alandur
2024-08-07,51.05895833333333,84.2275,16.384591666666665,1689.7916666666667,5.057708333333333,8.069374999999999,20.479166666666668,6.25,140.875,47.03064236111111,1747.1875,97.95833333333333,82.5,Moderate,alandur
2024-08-08,39.99854166666667,66.19354166666666,16.089274999999997,1665.4166666666667,6.023958333333333,9.775208333333333,20.083333333333332,7.458333333333333,130.125,45.60615451388889,1656.9270833333333,91.0,80.83333333333333,Moderate,alandur
2024-08-09,52.397708333333334,86.44125000000001,15.604391666666665,1778.3333333333333,4.4750000000000005,9.956458333333334,19.333333333333332,5.479166666666667,128.45833333333334,44.321267361111104,1639.6875,88.85416666666667,79.41666666666667,Moderate,alandur
2024-08-10,53.973958333333336,88.864375,16.287458333333333,1579.1666666666667,3.905625,9.663124999999999,20.395833333333332,4.895833333333333,160.25,55.56168402777777,1700.0,123.14583333333333,80.16666666666667,Poor,alandur
2024-08-11,43.89041666666666,72.34333333333333,15.729333333333331,1613.125,3.611041666666667,9.38625,19.645833333333332,4.5,129.1875,47.59662326388889,1627.3697916666667,94.10416666666667,80.54166666666667,Moderate,alandur
2024-08-12,65.4575,105.69104166666666,15.094833333333334,1616.875,3.7710416666666666,9.830208333333333,18.9375,4.6875,158.375,54.57660590277777,1598.3333333333333,121.45833333333333,78.375,Moderate,alandur
2024-08-13,62.098958333333336,102.49833333333333,16.046583333333334,1720.2083333333333,5.208541666666666,8.041875,20.041666666666668,6.541666666666667,178.5,61.332612847222215,1712.0052083333333,140.91666666666666,82.22916666666667,Poor,alandur
2024-08-14,60.76708333333334,100.515625,14.289958333333333,1677.2916666666667,5.1120833333333335,8.263541666666667,17.791666666666668,6.291666666666667,193.1875,65.02412326388888,1683.4375,154.60416666666666,81.58333333333333,Poor,alandur
2024-08-15,62.95166666666666,94.078125,14.862966666666665,1764.1666666666667,4.2752083333333335,8.465208333333333,18.5,5.354166666666667,181.77083333333334,59.215138888888895,1740.0260416666667,138.83333333333334,82.52083333333333,Poor,alandur
2024-08-16,87.08458333333333,96.42333333333333,16.357566666666667,1540.625,3.7975,7.7093750000000005,20.416666666666668,4.6875,195.75,72.19155381944444,1503.359375,165.41666666666666,72.4375,Very Poor,alandur
2024-08-17,94.26166666666666,95.86208333333333,15.631808333333332,1712.9166666666667,4.637083333333334,8.589166666666667,19.541666666666668,5.875,217.625,90.17832465277776,1757.2135416666667,181.91666666666666,82.77083333333333,Very Poor,alandur
2024-08-18,103.69687499999999,115.421875,15.457125,1695.8333333333333,5.119375,8.725624999999999,19.354166666666668,6.333333333333333,228.64583333333334,103.56446180555555,1705.5989583333333,190.41666666666666,82.0,Very Poor,alandur
2024-08-19,63.738125,65.98166666666667,15.528016666666666,1598.125,3.9599999999999995,8.145,19.354166666666668,4.854166666666667,203.0,80.5430295138889,1601.2239583333333,168.89583333333334,78.16666666666667,Very Poor,alandur
2024-08-20,48.78583333333333,80.325625,11.485233333333333,1784.375,4.789375000000001,5.93875,14.354166666666666,5.979166666666667,163.20833333333334,56.408871527777784,1779.3229166666667,124.52083333333333,82.9375,Moderate,alandur
2024-08-21,30.901041666666668,53.087916666666665,14.127024999999998,1732.5,4.12125,7.4375,17.645833333333332,5.1875,136.85416666666666,47.50599826388889,1736.2239583333333,97.4375,82.45833333333333,Moderate,alandur
2024-08-22,13.032499999999999,31.898333333333337,15.39955,2023.125,7.759583333333333,6.408333333333334,19.229166666666668,9.625,86.02083333333333,17.663984375000002,1884.5052083333333,29.479166666666668,85.89583333333333,Satisfactory,alandur
2024-08-23,13.707083333333335,25.782708333333332,13.918266666666668,1057.2916666666667,2.865,8.433125,17.395833333333332,3.5833333333333335,63.458333333333336,12.668472222222222,1276.4322916666667,21.0625,54.229166666666664,Good,alandur
2024-08-24,14.952708333333334,27.87708333333333,15.556216666666666,1107.5,3.3460416666666664,6.716874999999999,19.3125,4.104166666666667,58.458333333333336,15.392473958333333,1133.671875,25.666666666666668,56.270833333333336,Good,alandur
2024-08-25,14.733333333333334,27.328125,18.295533333333335,1064.1666666666667,4.516666666666667,6.0214583333333325,22.791666666666668,5.604166666666667,59.270833333333336,14.93107638888889,1065.1302083333333,24.895833333333332,53.520833333333336,Satisfactory,alandur
2024-08-26,13.971875000000002,25.425,19.335016666666665,1066.4583333333333,3.198541666666667,5.934166666666666,24.0625,3.9375,59.6875,14.300911458333333,1065.390625,23.916666666666668,53.458333333333336,Satisfactory,alandur
2024-08-27,17.981666666666666,32.419583333333335,12.404866666666665,803.75,2.6016666666666666,7.7370833333333335,15.416666666666666,3.1875,46.4375,15.15973090277778,867.6041666666666,25.25,43.520833333333336,Good,alandur
2024-08-28,15.618541666666667,28.449166666666667,10.589491666666666,326.0416666666667,2.381875,7.665,13.25,2.9375,30.020833333333332,16.8059375,378.6197916666667,27.9375,18.958333333333332,Good,alandur
2024-08-29,14.267083333333334,26.047083333333333,10.847208333333333,382.5,2.5272916666666667,8.742708333333333,13.583333333333334,3.125,27.083333333333332,15.074140625,353.4895833333333,25.104166666666668,17.770833333333332,Good,alandur
2024-08-30,13.004791666666668,24.58125,9.588,504.375,2.6997916666666666,8.58375,12.0,3.375,27.1875,13.408098958333333,514.140625,22.3125,25.729166666666668,Good,alandur
2024-08-31,12.504583333333334,22.794375000000002,12.234491666666665,300.2083333333333,3.4910416666666664,6.922291666666666,15.229166666666666,4.416666666666667,25.875,13.373272569444445,305.3645833333333,22.229166666666668,15.291666666666666,Good,alandur
2024-09-01,8.891041666666666,17.634375000000002,10.374858333333334,283.9583333333333,3.716875,7.421458333333334,13.0,4.625,21.666666666666668,11.18285590277778,285.5729166666667,18.520833333333332,14.3125,Good,alandur
2024-09-02,12.889583333333334,23.961250000000003,9.578991666666665,311.4583333333333,5.438958333333333,9.451041666666667,12.0,6.8125,20.395833333333332,9.935885416666666,307.9427083333333,16.458333333333332,15.395833333333334,Good,alandur
2024-09-03,15.63875,28.241249999999997,9.794016666666666,423.5416666666667,7.409583333333334,6.415208333333333,12.333333333333334,9.354166666666666,24.458333333333332,13.796961805555554,430.78125,23.020833333333332,21.5625,Good,alandur
2024-09-04,12.744166666666667,24.19333333333333,15.152016666666666,396.6666666666667,7.967708333333333,7.104791666666666,18.770833333333332,10.0,32.625,14.827204861111111,402.9166666666667,24.833333333333332,20.104166666666668,Good,alandur
2024-09-05,15.300624999999998,28.370416666666667,9.895458333333332,264.1666666666667,7.726458333333333,8.739791666666667,12.291666666666666,9.625,24.229166666666668,14.163984375,261.2760416666667,23.625,13.0625,Good,alandur
2024-09-06,18.304166666666667,32.822291666666665,11.205583333333331,344.375,7.723125,8.207291666666666,14.0625,9.604166666666666,27.875,15.487951388888888,322.1875,25.895833333333332,16.145833333333332,Good,alandur
2024-09-07,11.373333333333333,21.878541666666667,11.028158333333332,642.2916666666666,7.46625,9.555208333333333,13.875,9.3125,41.354166666666664,17.015850694444445,607.9947916666666,28.375,30.291666666666668,Good,alandur
2024-09-08,9.466875,18.38479166666667,10.392091666666667,353.3333333333333,6.619375000000001,8.800625,13.0,8.229166666666666,23.270833333333332,9.586380208333333,366.5885416666667,15.958333333333334,18.333333333333332,Good,alandur
2024-09-09,11.246458333333335,21.706875,10.108133333333333,303.75,6.1156250000000005,7.277291666666667,12.645833333333334,7.6875,25.020833333333332,10.524253472222222,354.921875,17.5,17.6875,Good,alandur
2024-09-10,12.018958333333332,23.33729166666667,9.999641666666667,308.75,6.152708333333333,6.965208333333333,12.520833333333334,7.708333333333333,21.104166666666668,11.024453125,283.4635416666667,18.354166666666668,14.229166666666666,Good,alandur
2024-09-11,24.335625000000004,42.03541666666667,9.633041666666665,295.625,5.967083333333334,7.832708333333334,12.0625,7.416666666666667,28.9375,16.97595486111111,320.5208333333333,28.291666666666668,16.020833333333332,Good,alandur
2024-09-12,11.705,22.810833333333335,10.2554,184.79166666666666,5.742291666666667,7.412916666666667,12.791666666666666,7.104166666666667,33.4375,19.72954861111111,191.71875,32.916666666666664,9.604166666666666,Good,alandur
2024-09-13,16.841666666666665,30.538958333333337,11.584716666666667,302.5,5.796458333333334,10.344583333333334,14.458333333333334,7.208333333333333,28.208333333333332,14.291597222222222,263.6458333333333,23.875,13.166666666666666,Good,alandur
2024-09-14,11.903125000000001,22.58458333333333,8.82425,229.79166666666666,5.638125,12.929375,11.083333333333334,6.9375,24.9375,14.673133680555557,266.6145833333333,24.479166666666668,13.333333333333334,Good,alandur
2024-09-15,11.384375,21.70520833333333,10.379166666666666,222.91666666666666,5.517499999999999,7.375624999999999,13.041666666666666,6.895833333333333,20.895833333333332,11.673385416666667,205.65104166666666,19.541666666666668,10.25,Good,alandur
2024-09-16,12.200416666666667,22.950833333333335,9.546091666666667,265.625,5.510416666666667,7.063958333333333,11.916666666666666,6.791666666666667,19.6875,11.249053819444443,268.046875,18.625,13.375,Good,alandur
2024-09-17,14.169375,25.801041666666666,9.881749999999998,232.29166666666666,5.464375,7.1968749999999995,12.3125,6.875,22.416666666666668,12.942057291666666,242.08333333333334,21.5625,12.1875,Good,alandur
2024-09-18,17.486875,31.227708333333336,8.517183333333334,351.25,5.47,7.414166666666667,10.708333333333334,6.666666666666667,27.166666666666668,15.784210069444443,318.4375,26.3125,15.916666666666666,Good,alandur
2024-09-19,21.172916666666666,38.183125,13.097333333333331,365.4166666666667,6.586875,7.159375,16.479166666666668,8.166666666666666,31.166666666666668,17.337743055555556,372.0052083333333,28.875,18.625,Good,alandur
2024-09-20,13.791458333333333,35.67520833333334,14.761524999999999,738.3333333333334,8.163541666666667,19.44666666666667,18.4375,10.1875,41.104166666666664,20.38978298611111,680.390625,33.9375,34.041666666666664,Good,alandur
2024-09-21,13.988124999999998,30.579583333333332,10.165708333333333,689.375,8.258750000000001,12.617708333333333,12.708333333333334,10.375,40.125,13.173645833333333,669.6875,21.875,33.416666666666664,Good,alandur
2024-09-22,9.888125,20.329166666666666,10.152391666666666,700.625,3.564583333333333,12.14,12.75,4.479166666666667,43.291666666666664,12.542404513888888,720.7291666666666,20.854166666666668,36.020833333333336,Good,alandur
2024-09-23,13.102083333333333,33.931875,11.179341666666666,688.3333333333334,5.699583333333333,12.92,14.083333333333334,7.0625,42.875,10.990017361111112,685.703125,18.270833333333332,34.25,Good,alandur
2024-09-24,17.426458333333333,45.45791666666667,16.153116666666666,724.7916666666666,2.6216666666666666,12.118958333333333,20.229166666666668,3.2708333333333335,53.125,14.975243055555554,718.8020833333334,24.895833333333332,35.9375,Satisfactory,alandur
2024-09-25,22.948125,49.61416666666667,13.766691666666667,797.0833333333334,4.798541666666667,13.477916666666667,17.208333333333332,5.979166666666667,55.604166666666664,19.41006076388889,803.9322916666666,32.354166666666664,40.229166666666664,Satisfactory,alandur
2024-09-26,19.956041666666668,61.26770833333333,15.071333333333333,755.2083333333334,9.010416666666666,30.561875,18.854166666666668,11.270833333333334,55.666666666666664,22.386519097222223,775.5208333333334,37.291666666666664,38.833333333333336,Satisfactory,alandur
2024-09-27,33.12916666666667,77.91958333333334,13.7522,376.4583333333333,13.033333333333333,14.740208333333333,17.229166666666668,16.25,44.729166666666664,25.096822916666667,371.8229166666667,41.833333333333336,18.604166666666668,Good,alandur
2024-09-28,28.35875,87.09583333333335,14.98595,602.9166666666666,9.721458333333333,13.908541666666666,18.75,12.083333333333334,56.0625,33.00050347222222,642.8645833333334,54.9375,32.125,Satisfactory,alandur
2024-09-29,14.119583333333333,47.21645833333333,15.683508333333334,645.625,7.054166666666667,16.452291666666667,19.645833333333332,8.625,45.8125,22.020694444444445,614.1927083333334,36.666666666666664,30.708333333333332,Good,alandur
2024-09-30,15.254375000000001,46.41375,14.225724999999999,632.7083333333334,8.34125,16.375625,17.8125,10.416666666666666,42.770833333333336,12.780833333333334,616.5104166666666,21.270833333333332,30.770833333333332,Good,alandur
2024-10-01,22.284583333333334,55.06604166666667,13.832491666666668,975.2083333333334,9.913541666666667,16.607916666666664,17.291666666666668,12.4375,51.833333333333336,18.758524305555557,874.375,31.3125,43.708333333333336,Satisfactory,alandur
2024-10-02,16.931875,55.32,10.751249999999999,1292.7083333333333,10.271875,15.568333333333333,13.520833333333334,13.0,61.729166666666664,19.492743055555554,1256.640625,32.520833333333336,61.645833333333336,Good,alandur
2024-10-03,29.60020833333333,71.43395833333334,13.185066666666666,1465.0,9.727083333333333,15.333958333333333,16.604166666666668,12.3125,69.27083333333333,21.825494791666667,1408.1770833333333,36.354166666666664,69.27083333333333,Satisfactory,alandur
2024-10-04,21.592708333333334,120.11312500000001,15.818241666666665,1041.6666666666667,7.013333333333333,17.180416666666666,19.895833333333332,8.833333333333334,60.645833333333336,28.484201388888888,1182.9166666666667,47.458333333333336,58.395833333333336,Satisfactory,alandur
2024-10-05,19.86375,97.9975,15.802183333333332,1004.5833333333334,4.4418750000000005,17.210625,19.916666666666668,5.645833333333333,51.729166666666664,19.881675347222224,1034.7395833333333,33.333333333333336,51.729166666666664,Good,alandur
2024-10-06,21.092916666666667,108.45583333333333,15.783383333333333,1222.9166666666667,23.3,17.106875,19.895833333333332,29.229166666666668,60.583333333333336,21.047994791666667,1191.7447916666667,35.3125,59.708333333333336,Good,alandur
2024-10-07,24.98229166666667,101.72541666666666,15.582066666666664,843.75,10.412708333333333,16.817708333333332,19.645833333333332,13.041666666666666,54.8125,22.41762152777778,934.765625,37.583333333333336,46.75,Good,alandur
2024-10-08,31.37291666666667,98.08729166666667,15.115983333333332,1080.8333333333333,9.950000000000001,17.610833333333336,19.020833333333332,12.5,51.208333333333336,25.361970486111108,943.671875,42.395833333333336,47.229166666666664,Satisfactory,alandur
2024-10-09,30.657083333333333,82.57583333333334,13.92375,1461.0416666666667,8.356250000000001,18.027291666666667,17.458333333333332,10.375,70.35416666666667,34.19134548611111,1376.328125,56.854166666666664,67.54166666666667,Satisfactory,alandur
2024-10-10,31.15125,45.346666666666664,12.588166666666666,1179.5833333333333,6.156041666666667,16.368541666666665,15.770833333333334,7.583333333333333,68.77083333333333,31.568133680555558,1310.3645833333333,52.625,60.416666666666664,Satisfactory,alandur
2024-10-11,42.09854166666667,62.575208333333336,13.954299999999998,819.1666666666666,4.208958333333333,15.812708333333333,17.395833333333332,5.083333333333333,73.0625,38.94630208333333,877.5520833333334,64.9375,43.958333333333336,Satisfactory,alandur
2024-10-12,22.683125,36.527499999999996,14.861400000000001,396.0416666666667,4.401666666666666,15.745,18.666666666666668,5.333333333333333,50.895833333333336,30.31956597222222,462.1614583333333,50.520833333333336,23.166666666666668,Good,alandur
2024-10-13,24.288750000000004,38.55833333333333,14.256666666666666,395.2083333333333,4.4054166666666665,16.684375,17.854166666666668,5.3125,40.479166666666664,23.270998263888888,387.34375,38.791666666666664,19.333333333333332,Good,alandur
2024-10-14,25.240624999999998,42.646458333333335,13.986808333333334,681.875,4.346666666666667,13.829583333333334,17.541666666666668,5.25,46.833333333333336,24.76189236111111,640.234375,41.291666666666664,32.020833333333336,Satisfactory,alandur
2024-10-15,19.757291666666667,31.063125,11.561216666666667,478.9583333333333,4.16875,12.54,14.541666666666666,4.979166666666667,39.583333333333336,21.98409722222222,516.6666666666666,36.583333333333336,25.833333333333332,Good,alandur
2024-10-16,23.554374999999997,26.69666666666667,14.537883333333333,497.0833333333333,4.213958333333333,12.969375,18.25,5.083333333333333,37.75,22.597135416666664,497.5520833333333,37.666666666666664,24.895833333333332,Good,alandur
2024-10-17,40.38854166666667,71.879375,15.306725,487.9166666666667,4.203541666666667,15.572083333333333,19.208333333333332,5.0,53.104166666666664,29.70662326388889,495.6510416666667,49.604166666666664,24.770833333333332,Good,alandur
2024-10-18,42.545625,75.30979166666667,17.844333333333335,966.6666666666666,6.702708333333334,17.410833333333333,22.416666666666668,8.208333333333334,82.45833333333333,41.79378472222222,869.21875,69.95833333333333,43.5,Satisfactory,alandur
2024-10-19,41.48979166666667,80.36416666666666,17.919925,655.0,3.9479166666666665,21.157083333333333,22.4375,4.75,82.6875,46.453793402777784,665.7552083333334,79.27083333333333,33.270833333333336,Satisfactory,alandur
2024-10-20,34.689791666666665,68.29854166666667,17.393525,619.5833333333334,3.664375,22.69666666666667,21.833333333333332,4.4375,71.0625,37.150807291666666,712.0052083333334,61.895833333333336,35.5625,Satisfactory,alandur
